Bài,生词,Pinyin,描述,意义,例如,复习,检查
Bài 1,爽快,#NAME?,,dễ dàng,我本来以为他会考虑很久，要不要借给我钱，没想到他答应得特别爽快。,爽快,TRUE
Bài 1,别嚷了,#NAME?,,Đừng la hét nữa,"别嚷了，大家都在睡觉。（Bié rǎng le, dàjiā dōu zài shuìjiào）",别嚷了,TRUE
Bài 1,巴不得,#NAME?,,lo lắng,最近工作太累了，我巴不得马上到周末，好好休息。,巴不得,TRUE
Bài 1,异常,#NAME?,,bất thường,她今天异常安静，和平时爱聊天的样子完全不一样。,异常,TRUE
Bài 1,十足,#NAME?,,Đầy,他是个十足的工作狂，经常忙到半夜才回家。,十足,TRUE
Bài 1,融洽,#NAME?,,Hòa hợp,我跟同事之间的关系很融洽，所以工作环境也特别轻松。,融洽,TRUE
Bài 1,讨好,#NAME?,,sự nịnh hót,我觉得做人没必要一直讨好别人，做真实的自己更重要。,讨好,TRUE
Bài 1,打架,#NAME?,,trận đánh,小时候我和妹妹经常因为一些小事情打架，现在想起来觉得很好笑。,打架,TRUE
Bài 1,亲密,#NAME?,,thân thiết,虽然妹妹和小林认识的时间不长，但是看起来已经很亲密了。,亲密,TRUE
Bài 1,留恋,#NAME?,,Nỗi nhớ,每次回老家看望爷爷奶奶，临走时我都很留恋家里的温馨气氛。,留恋,TRUE
Bài 1,开朗,#NAME?,,vui vẻ,我妹妹性格非常开朗，总能给全家人带来欢笑。,开朗,TRUE
Bài 1,闲话,#NAME?,,chuyện phiếm,妈妈常对我说，过好自己的日子就行，不要去管别人的闲话。,闲话,TRUE
Bài 1,风趣,#NAME?,,hài hước,爸爸是个幽默的人，说话很风趣，经常把妈妈逗笑。,风趣,TRUE
Bài 1,恩怨,#NAME?,,sự oán giận,别看这俩兄弟天天吵架，其实他们心里根本没有恩怨，一会儿就又一起玩了。,恩怨,TRUE
Bài 1,娇气,#NAME?,,Thanh tú,父母从小就培养我的独立能力，不想让我变成一个娇气的孩子。,娇气,TRUE
Bài 1,伶俐,#NAME?,,thông minh,隔壁王阿姨家的女儿口齿伶俐，长得也很可爱。,伶俐,TRUE
Bài 1,挑剔,#NAME?,,kén chọn,妈妈做饭很辛苦，我们在吃饭时从来不挑剔。,挑剔,TRUE
Bài 1,挑拨,#NAME?,,chơi tiếp,那位“绿茶”妹妹总是在男主面前说女主的坏话，想挑拨他们之间的关系。,挑拨,TRUE
Bài 1,气质,#NAME?,,tính khí,妈妈年轻时学过跳舞，直到现在身上还有一种优雅的气质。,气质,TRUE
Bài 1,容貌,#NAME?,,vẻ bề ngoài,随着岁月流逝，父母的容貌变老了，但他们对我的爱从未改变。,容貌,TRUE
Bài 1,福气,#NAME?,,Chúc may mắn,我妈妈做饭特别好吃，大家都说我爸娶到我妈真是有福气。,福气,TRUE
Bài 1,嫉妒,#NAME?,,ghen tỵ,你没必要嫉妒他的成功，只要你足够努力，总有一天你也能做到。,嫉妒,TRUE
Bài 1,忽略,#NAME?,,sao nhãng,工作很重要，但是不要为了工作而忽略自己的身体健康。（忽略 + người / cảm giác của ai đó）,忽略,TRUE
Bài 1,维持关系,#NAME?,,Duy trì mối quan hệ,（wei zhi guanxi -> 维持关系：Duy trì mối quan hệ）,维持关系,TRUE
Bài 1,附和,#NAME?,,đi theo,"（附和：Hùa theo, phụ họa）",附和,TRUE
Bài 1,大为吃惊,#NAME?,,Vô cùng ngạc nhiên,（大为吃惊：Hết sức ngạc nhiên / 大不如前：Không còn được như trước / 不大合得来：Không hợp nhau cho lắm）,大为吃惊,TRUE
Bài 1,大不如前,#NAME?,,Không tốt như trước đây,（别人：Người khác）,大不如前,TRUE
Bài 1,不大合得来,#NAME?,,Không tương thích lắm,"（宽容：Bao dung / 和睦：Hòa thuận / 绅士：Ga-lăng, quý ông）",不大合得来,TRUE
Bài 1,别人,#NAME?,,những người khác,,别人,TRUE
Bài 1,宽容,#NAME?,,khoan dung,,宽容,TRUE
Bài 1,和睦,#NAME?,,hòa hợp,,和睦,TRUE
Bài 1,绅士,#NAME?,,quý ông,,绅士,TRUE
Bài 1,反驳,#NAME?,,bác bỏ,他的要求太不合理了，家里的事情怎么可能让我一个人做完，所以我当然反驳了他。,反驳,TRUE
Bài 1,意识,#NAME?,,ý thức,以前总觉得年轻身体好，最近常熬夜才意识到，健康真是一点都折腾不起。,意识,TRUE
Bài 1,实行,#NAME?,,Triển khai,我打算从今天开始，严格实行每晚看书半小时的计划。,实行,TRUE
Bài 1,严厉,#NAME?,,nghiêm trọng,别看我爸平时总是一副很严厉的样子，其实他心里比谁都心疼我。,严厉,TRUE
Bài 1,反问,#NAME?,,câu hỏi tu từ,我问他去哪，他反问我管得着吗？ / 别总用反问句跟我说话，听着心烦。,反问,TRUE
Bài 1,瞬间,#NAME?,,chốc lát,看到他的那一瞬间，我突然不生气了。 / 听了这句话，我瞬间哭了出来。,瞬间,TRUE
Bài 1,启蒙,#NAME?,,Thời kỳ Khai sáng,刘亦菲是我的电影启蒙。（liuyifei 是我的 dianying 启蒙）,启蒙,TRUE
Bài 1,任,#NAME?,,bổ nhiệm,他是我们的第一任经理。,任,TRUE
Bài 1,约束,#NAME?,,ràng buộc,"（约束：Ràng buộc, gò bó）",约束,TRUE
Bài 1,滔滔不绝,#NAME?,,Nói nhiều,他一喝酒就喜欢滔滔不绝。,滔滔不绝,TRUE
Bài 1,鸦雀无声,#NAME?,,Im lặng,半夜的街道上鸦雀无声。,鸦雀无声,TRUE
Bài 2,和蔼,#NAME?,,hòa nhã,我奶奶对人特别和蔼，邻居们都很喜欢她。,,FALSE
Bài 2,和气,#NAME?,,Hòa hợp,我们一家人说话总是客客气气的，日子过得很和气。,,FALSE
Bài 2,目光,#NAME?,,Ánh mắt,你喜欢什么衣服就穿什么，不要在意别人的目光。,,FALSE
Bài 2,慈祥,#NAME?,,vui lòng,看到妈妈慈祥的目光，我心里的压力顿时消失了。,,FALSE
Bài 2,跨,#NAME?,,Đi qua,前面有一条小沟，你大步跨过去就行。,,FALSE
Bài 2,自主,#NAME?,,Tự chủ,选什么专业，由你自主决定。 / 请顾客自主取餐，谢绝浪费。,,FALSE
Bài 2,甭,#NAME?,,"Không cần, không phải",你甭哭，这次没考好下次再努力。 / 老板现在正在气头上，你甭去解释。,,FALSE
Bài 2,包围,#NAME?,,Âm thanh vòm,他从小都被家庭的爱包围着。,,FALSE
Bài 2,感染,#NAME?,,Nhiễm trùng,这部电影深深地感染了我。,,FALSE
Bài 2,恨不得,#NAME?,,Tôi ước,我恨不得马上拆开这个礼物。 / 队伍太长了，我恨不得不买了。,,FALSE
Bài 2,跟前,#NAME?,,trước mặt,橡皮就在你跟前，你怎么看不见？,,FALSE
Bài 2,团圆,#NAME?,,đoàn tụ,全家人围坐在一起吃团圆饭。,,FALSE
Bài 2,近来,#NAME?,,gần đây,近来金价上涨得厉害。,,FALSE
Bài 2,宠,#NAME?,,Thú cưng,宠爱、宠儿、得宠、失宠、受宠若惊,,FALSE
Bài 2,染,#NAME?,,thuốc nhuộm,染色素、染色、染病、一尘不染,,FALSE
Bài 2,恋,#NAME?,,yêu,恋家、恋恋不舍、留恋、迷恋、恋爱,,FALSE
Bài 2,隐瞒,#NAME?,,trốn,为了不让父母担心，我隐瞒了自己的消息。 / 夫妻之间应该坦诚，不应该有所隐瞒。,,FALSE
Bài 2,唠叨,#NAME?,,cằn nhằn,经理整天在耳边唠叨目标，压力太大了。 / 我妈总是在我耳边唠叨。都快三十了，赶紧嫁人吧！,,FALSE
Bài 2,吃苦,#NAME?,,Chịu đựng gian khổ,应该让孩子适当吃点苦，才能学会珍惜。,,FALSE
Bài 2,先苦后甜,#NAME?,,Đắng trước ngọt,先苦后甜,,FALSE
Bài 2,欣慰,#NAME?,,Cảm thấy nhẹ nhõm,孩子的微笑是父母最感到欣慰的事。,,FALSE
Bài 2,本事,#NAME?,,khả năng,能在这么短时间内解决这个问题，他真有本事。,,FALSE
Bài 2,皱纹,#NAME?,,nếp nhăn,她最近买了很多抗衰老护肤品，想减少眼角的皱纹。,,FALSE
Bài 2,顿时,#NAME?,,Ngay lập tức,听到我妹妹考上大学的消息，全家顿时欢呼起来。,,FALSE
Bài 2,酝酿,#NAME?,,ủ bia,从小我在心里正在酝酿去世界各地旅游的梦想。,,FALSE
Bài 2,刹那,#NAME?,,chốc lát,眼神交汇的刹那，她认出了他在撒谎。,,FALSE
Bài 2,反常,#NAME?,,bất thường,他今天情绪很反常，一整天都没说话。,,FALSE
Bài 2,埋怨,#NAME?,,Phàn nàn,事情已经发生了，互相埋怨也没有用，赶快想办法解决这个问题吧。,,FALSE
Bài 2,体谅,#NAME?,,Hiểu biết,长大了才能体谅父母挣钱的不容易。 / 下这么大雨，外卖迟到可以体谅。,,FALSE
Bài 2,规划,#NAME?,,lập kế hoạch,我们需要好好规划一下未来的旅游。,,FALSE
Bài 2,谅,#NAME?,,Hiểu biết,,,FALSE
Bài 2,埋,#NAME?,,Chôn,,,FALSE
Bài 2,熬,#NAME?,,đun sôi,为了赶在明天前交付项目，他昨晚熬了个通宵。,,FALSE
Bài 2,漫长,#NAME?,,Dài,经过漫长的等待，他终于成功了。,,FALSE
Bài 2,寂静,#NAME?,,im lặng,假期结束后，大家都忙着返回工作岗位，只留下父母在寂静的屋子里。,,FALSE
Bài 2,难得,#NAME?,,hiếm,难得你有空，我们去喝一杯吧！,,FALSE
Bài 2,心疼,#NAME?,,Nỗi đau lòng,刚买的新手机就摔坏了，真让人心疼。,,FALSE
Bài 2,掩饰,#NAME?,,che đậy,他撒谎是为了掩饰自己的错误。,,FALSE
Bài 2,无比,#NAME?,,Vô song,在国外旅游时，每当看到越南餐馆，我都感到无比欣喜。,,FALSE
Bài 2,向往,#NAME?,,Khao khát,我一直很向往财务自由的生活。,,FALSE
Bài 2,不由得,#NAME?,,Không tự nguyện,看到照片，她不由得想起了过去的时光。,,FALSE
Bài 2,热泪盈眶,#NAME?,,Nước mắt tôi trào ra.,这部电影太感人了，观众们都看得热泪盈眶。,,FALSE
Bài 2,寂寞,#NAME?,,cô đơn,寂寞 (người)、寂静 (không gian)、死寂 (đáng sợ)、孤寂 (vừa cô đơn vừa yên tĩnh)、万籁俱寂,,FALSE
Bài 2,死寂,#NAME?,,Sự im lặng chết người,在很多电视剧里，那些恋爱脑的女主角总是因为家人反对她和渣男恋爱，就执意要脱离家庭关系。,,FALSE
Bài 2,孤寂,#NAME?,,Sự cô đơn,,,FALSE
Bài 2,万籁俱寂,#NAME?,,Tất cả đều im lặng.,,,FALSE
Bài 2,脱离,#NAME?,,tách ra,,,FALSE
Bài 2,诱惑,#NAME?,,mồi nhử,面对金钱的诱惑，他依然选择维护公道。,,FALSE
Bài 2,孤独,#NAME?,,Cô đơn,如果这一辈子都不结婚，到晚年你就不怕孤独吗？,,FALSE
Bài 2,哭鼻子,#NAME?,,Khóc,别哭鼻子了，带你去吃好吃的。,,FALSE
Bài 2,片刻,#NAME?,,chốc lát,请稍候片刻。对不起，您拨打的电话暂时无法接通，请稍后再拨。,,FALSE
Bài 2,步伐,#NAME?,,nhịp độ,从她紧凑的步伐中可以看出，事情非常紧急。,,FALSE
Bài 2,稿件,#NAME?,,Bản thảo,因为时间太赶，这份稿件里还有不少错别字。,,FALSE
Bài 2,诱,#NAME?,,Sự cám dỗ,诱人、诱导、诱发、诱惑、诱骗、引诱,,FALSE
Bài 2,惑,#NAME?,,Bối rối,蛊惑、妖言惑众、迷惑、疑惑、诱惑,,FALSE
Bài 3,月饼,#NAME?,中秋节赏月时吃的一种传统圆形饼食。,bánh trung thu,每年中秋节，全家人都会一起吃月饼。 // 这家店的冰皮月饼卖得特别好。,,FALSE
Bài 3,清晨,#NAME?,6-7h 天刚亮的时候，指日出前后的一段时间 》 早上， 凌晨 ,sáng sớm,他每天清晨六点准时起床去跑步。 // 清晨的空气非常清新，让人心情舒畅。,,FALSE
Bài 3,迎面,#NAME?,正面迎着（走过来的人、风或物等）。,Đối diện,迎面走来了一位热情的老朋友。 // 迎面吹来的凉风打断了他的思绪。,,FALSE
Bài 3,模样,#NAME?,人的长相、外形，状态，展现出来的样子。长得,vẻ bề ngoài,几年不见，他的模样真是一点没变。 // 看这孩子的模样，长大后一定很帅气。,,FALSE
Bài 3,打量,#NAME?,仔细地察看（从头到脚，什么样的人）。,quan sát,保安上下打量了那个陌生人很久。 // 妈妈仔细打量着儿子带回来的女朋友。,,FALSE
Bài 3,番,#NAME?,表示次数或过程。更长更认真,"lượt, lần",听了老师的一番话，他顿时明白了。 // 经过一番激烈的争论，大家终于达成了共识。,,FALSE
Bài 3,搓,#NAME?,两个手掌反复揉动或把手掌放在别的东西上揉。,"xoa, vò",天气太冷了，他不停地用双手搓脸。 // 奶奶一边搓着衣服，一边和邻居聊天。,,FALSE
Bài 3,饱经沧桑,#NAME?,外貌/青神被经历过很多事情/困难,bị bào mòn bởi thời gian,老人那饱经沧桑的脸上满是皱纹。 // 这座古老的城市饱经沧桑，见证了无数历史。,,FALSE
Bài 3,迟疑,#NAME?,拿不定主意，犹豫不决。不知道怎么做,do dự,面对这个艰难的选择，他迟疑了很久。 // 看到交警过来，那个司机神色迟疑地停下了车。,,FALSE
Bài 3,拜托,#NAME?,客气话，请帮助,xin nhơ gì đó,这件事就拜托您帮我打听一下了。 // 我有急事要出一趟远门，家里的猫就拜托你了。,,FALSE
Bài 3,流露,#NAME?,（意思、感情等）自然地表现出来。,bộc lộ,他的眼神里流露出难以掩饰的喜悦。 // 这首诗里流露出作者对故乡的深深思念。,,FALSE
Bài 3,朴实,#NAME?,性格： 诚实  //   衣服： 简单。,"thật thà, chất phác",这个农村小伙子为人非常朴实。 // 他的文章语言朴实，却非常感人。,,FALSE
Bài 3,过于,#NAME?,不好 - 过分。。。,quá ...,这种款式过于陈旧，不太适合年轻人。 // 你对他的要求过于严格，他会吃不消的。,,FALSE
Bài 3,操劳,#NAME?,辛苦地耗费精力去计划和辛勤工作。,công việc chăm chỉ,父母为了供我上学，整日辛苦操劳。 // 奶奶为这个家操劳了一辈子，现在该好好享福了。,,FALSE
Bài 3,胡须,#NAME?,男子下颌、面颊和上唇生长的毛发。,râu ,他的下巴上长满了浓密的胡须。 // 那个留着长胡须的老人看起来像个艺术家。,,FALSE
Bài 3,起码,#NAME?,最低限度的，至少（表程度或数量的底线）。,ít nhất,这点小事，你起码也该跟我说一声。 // 想要通过这次考试，你起码得复习两遍。,,FALSE
Bài 3,口音,#NAME?,通过声音发现从地方的人， 农村vs城市,giọng,虽然他住在北京，但说话还带点南方口音。 // 听他的口音，应该是个四川人。,,FALSE
Bài 3,乡镇,#NAME?,较小的行政区域，通常指农村行政建制。,Các thị trấn,这里的乡镇这几年发展得非常快。 // 假期的时候，他喜欢去清静的乡镇度假。,,FALSE
Bài 3,原先,#NAME?,从前，最初的时候（指过去的情况）。,"ban đầu, trước đây",我原先以为他不会来，没想到他到了。 // 这栋大楼的原先设计并不是这样的。,,FALSE
Bài 3,裁缝,#NAME?,做衣服的职业或指替人缝制衣服的工人。,thợ may,这件西装是找老裁缝专门量身定制的。 // 随着成衣的发展，现在的裁缝店越来越少了。,,FALSE
Bài 3,港口,#NAME?,有避风防浪设施、供船舶停泊的岸边区域。,cảng,巨大的货轮缓缓驶入了繁忙的港口。 // 那个古老的港口现在已经变成了旅游景点。,,FALSE
Bài 3,斯文,#NAME?,有礼貌、有读书。,lịch sự,他说话慢条斯理的，举止非常斯文。 // 别看他表面上戴个眼镜很斯文，其实脾气大得很。,,FALSE
Bài 3,心眼儿,#NAME?,指人的心地、心计或气量。,"lòng, bụng dạ",她人很好，没有那么多坏心眼儿。 // 别跟他耍心眼儿，他一眼就能看穿。,,FALSE
Bài 3,信誉,#NAME?,诚实守信的名誉和声望。信任,Danh tiếng,这家百年老店在市场上很有信誉。 // 一个人如果失去了信誉，就很难在社会上立足。,,FALSE
Bài 3,欺骗,#NAME?,用虚假的话或手段掩盖真相，使人上当。,lừa gạt,商业宣传中绝对不能有欺骗消费者的行为。 // 他因为欺骗朋友而感到十分内疚。,,FALSE
Bài 3,学位,#NAME?,衡量一个人学术水平的称号（如学士、硕士、博士）。,học vị,经过四年的努力，他终于拿到了学士学位。 // 博士学位是目前高等教育中最高级别的学位。,,FALSE
Bài 3,一流,#NAME?,级别最高、质量或能力最好的。最好,Hạng nhất,这家大学拥有国内一流的师资力量。 // 这家酒店的服务和设施绝对是一流的。,,FALSE
Bài 3,骨干,#NAME?,主要/重要的人,xương sống,他现在是公司研发部门的技术骨干。 // 学校挑选了一批年轻老师作为未来的教学骨干。,,FALSE
Bài 3,拨,#NAME?,打电话 // 开,quay số gọi điện thoại,政府已经拨了一笔专款用于学校建设。 // 经理从其他部门拨了三个人过来帮忙。,,FALSE
Bài 3,仍旧,#NAME?,没有发生变化,Vẫn,尽管过了很多年，他仍旧保持着看书的习惯。 // 虽然遇到了很多困难，但他的想法仍旧没有改变。,,FALSE
Bài 3,隐约,#NAME?,看起来或听起来不很清楚，感觉不明显。,lờ mờ,雾太大了，只能隐约看到远处山峰的轮廓。 // 睡梦中，她隐约听到了敲门的声音。,,FALSE
Bài 3,辜负,#NAME?,对不起别人的好意、期望或信任。,phụ lòng,我一定要好好努力，绝不辜负父母的期望。 // 他的表现太令人失望了，完全辜负了大家的信任。,,FALSE
Bài 3,期望,#NAME?,长辈给期望,trông chờ,老师对这批学生寄予了高期望。 // 父母对孩子的期望太高，往往会给孩子带来压力。,,FALSE
Bài 3,浑身,#NAME?,指人，从头到脚的整个身体。,toàn thân,刚运动完，他浑身都是汗。 // 听完那个恐怖故事，他吓得浑身发抖。,,FALSE
Bài 3,惦记,#NAME?,心里想某件事 / 人,Nghĩ về,妈妈在家里总是惦记着在外读书的儿子。 // 别总惦记着工作，周末好好放松一下吧。,,FALSE
Bài 3,丢人,#NAME?,丢脸，没有脸,mất mặt,在公共场合大吵大闹是一件很丢人的事。 // 他觉得考了最后一名在同学面前很丢人。,,FALSE
Bài 3,炫耀,#NAME?,故意让人羡慕，展示自己的长处或财富给别人看。,khoe khoang,他很低调，从来不向别人炫耀自己的成绩。 // 她一买了新包就忍不住发朋友圈炫耀。,,FALSE
Bài 3,小心翼翼,#NAME?,非常小心,thận trọng,母亲小心翼翼地抱着刚出生的婴儿。 // 护士小心翼翼地把药水注入到试管中。,,FALSE
Bài 3,面子,#NAME?,个人在别人际的样子、尊严。,khuôn mặt,中国人常说，在人际交往中要给足对方面子。 // 他为了顾全自己的面子，故意撒了谎。,,FALSE
Bài 3,主管,#NAME?,主要管一个部门/群人,giám đốc,他是这个项目的总主管，所有事都要找他确认。 // 财务主管正在认真地核对上个月的账目。,,FALSE
Bài 3,助手,#NAME?,帮助的人,trợ lý,经理最近工作太忙，公司给他配了一名助手。 // 实验课上，同学们都成了教授的得力助手。,,FALSE
Bài 3,喜悦,#NAME?,内心非常高兴、愉快。,vui sướng,听到获奖的消息，他的脸上露出了喜悦的笑容。 // 新年将至，大街小巷都洋溢着节日的喜悦。,,FALSE
Bài 3,馅儿,#NAME?,包在面皮里面的肉、菜等食物。,nhân bánh,这种北方饺子的馅儿很大，皮薄肉多。 // 妈妈今天准备做红豆馅儿的包子。,,FALSE
Bài 3,灿烂,#NAME?,太阳光,"rực rỡ, tỏa sáng",阳光洒在海面上，波光粼粼，十分灿烂。 // 孩子们在草地上奔跑，脸上挂着灿烂的笑容。,,FALSE
Bài 4,厌倦,#NAME?,做太多了，感到没有意思，甚至讨厌,Chán,毕业后他突然对城市生活感到厌倦。 // 做这份工作久了，我有点厌倦了。,,FALSE
Bài 4,厌恶,#NAME?,特别对某人或某事产生极其反感、讨厌和恶心的情绪,chán ghét,我非常厌恶那些不守信用的人。 // 看到他的态度，她掩饰不住内心的厌恶。,,FALSE
Bài 4,倘若,#NAME?,假如 。。。,nếu như,倘若明天地下雨，运动会将推迟。 // 倘若有机会重来，我一定会好好珍惜。,,FALSE
Bài 4,发觉,#NAME?,开始注意到或者察觉到某种不容易被发现的变化,phát hiện,直到今天我才发觉她瘦了很多。 // 他突然发觉大家都在看着自己。,,FALSE
Bài 4,承诺,#NAME?,答应别人一件事,hứa,既然承诺了别人，就一定要做到。 // 公司承诺会按时完成项目。,,FALSE
Bài 4,实施,#NAME?,把已经定好的计划、法令或政策拿到实际中去做到,Triển khai,这个计划将从下个月开始实施。 // 新措施已经得到了有效实施。,,FALSE
Bài 4,乘 ,#NAME?,利用有利的时间、机会，或者坐、搭乘交通工具,lấy ,乘着年轻，要好好学习。 // 乘他不注意，她便离开了。,,FALSE
Bài 4,喘气,#NAME?,由于累或急促而大口大口地呼吸，或者短暂休息,quần,一口气跑上五楼，累得我直喘气。 // 工作太忙了，连喘气的功夫都没有。,,FALSE
Bài 4,饶恕,#NAME?,原谅犯了严重错误或罪过的人，不再计较和惩罚,tha thứ,请饶恕我这次的错误。 // 这种背叛的行为绝不能饶恕。,,FALSE
Bài 4,强迫·,#NAME?,必须做一个某事情,bắt buộc,不要强迫别人做不喜欢的事。 // 我被父母强迫去相亲。,,FALSE
Bài 4,蔑视,#NAME?,看不起别人，不重视人,khinh miệt,我们不能蔑视任何人。 // 他那蔑视的目光让我很不舒服。,,FALSE
Bài 4,不料,#NAME?,没想到突然发生什么事情,bất ngờ,我正想去找他，不料他自己来了。 // 天气正晴朗，不料突然下起了大雨。,,FALSE
Bài 4,草率,#NAME?,没思考，快做决定,vội vàng,结婚是一辈子的事，不能草率。 // 他做决定太草率了，所以才出了差错。,,FALSE
Bài 4,猛烈,#NAME?,力量非常大，强，或者程度很厉害,hung bạo,暴风雨在夜里猛烈地发作。 // 比赛进行得非常猛烈。,,FALSE
Bài 4,眼光,#NAME?,判断能力、看事情的能力,ánh mắt,他的眼光里充满了自信。 // 她很有眼光，挑的衣服都很漂亮。,,FALSE
Bài 4,盯,#NAME?,一直地看着，一动也不动地注视着,nhìn chằm chằm,别总是盯人看，这样很不礼貌。 // 小狗紧紧盯着桌上的肉。,,FALSE
Bài 4,愤怒,#NAME?,很生气， 比较大， 太严重,sự tức giận,他的行为激怒了所有人，令大家无比愤怒。 // 她努力压制住内心的愤怒。,,FALSE
Bài 4,愚蠢,#NAME?,智力低下，非常不聪明，做出不该做的傻事,"ngu xuẩn, ngu đần",这样做是一个非常愚蠢的决定。 // 别再问这种愚蠢的问题了。,,FALSE
Bài 4,家伙,#NAME?,对好朋友，小孩子，动物， 工作的工具,chàng trai,这个家伙真让人头疼。 // 这个小家伙太可爱了。,,FALSE
Bài 4,可恶,#NAME?,让人心里非常讨厌，非常可恨,đáng ghét,这天气真可恶，总是下雨。 // 骗子是最可恶的。,,FALSE
Bài 4,耍,#NAME?,骗人， 故意开玩笑让人对联,Chơi,别在我面前耍花招了。 // 他又在耍小孩子脾气了。,,FALSE
Bài 4,对抗,#NAME?,"双方或者两股力量为了不服从对方而进行斗争, 面对",đối đầu,两队在球场上激烈对抗。 // 逃避没有用，你要学会对抗困难。,,FALSE
Bài 4,尝试,#NAME?,为了看结果如何而第一次去试着做某事,thử,即使失败，你也应该勇敢尝试一次。 // 这是一个值得尝试的新方法。,,FALSE
Bài 4,盲目,#NAME?,眼睛看不见，或者做事情没有目的、没有方向,mù quáng,不要盲目跟风，要选择适合自己的。 // 盲目投资会导致巨大的损失。,,FALSE
Bài 4,流氓,#NAME?,不尊重女性，别人,lưu mang,在路上遇到流氓要立刻报警。 // 别跟我耍流氓。,,FALSE
Bài 4,扁,#NAME?,物体被压平了,"dẹp, đề bẹp xuống",这个纸盒已经被压扁了。 // 这种狗的鼻子长得扁扁的。,,FALSE
Bài 4,恰巧,#NAME?,刚刚好，太巧了,đúng lúc,今天出门我恰巧碰见了高中同学。 // 我去找她时，她恰巧也正想出门。,,FALSE
Bài 4,夕阳,#NAME?,傍晚快要落山时的太阳,Hoàng hôn,夕阳红遍了半边天。 // 在夕阳下散步真是太浪漫了。,,FALSE
Bài 4,留神,#NAME?,小心做错了什么,Hãy cẩn thận,走路的时候多留神车辆。 // 一不留神就做错了。,,FALSE
Bài 4,打猎,#NAME?,去山找动物来食物,săn bắn,这个地区的居民以打猎为生。 // 打猎野生动物是违法行为。,,FALSE
Bài 4,摆脱,#NAME?,努力离开不好的事， 各种困难的生活,thoát khỏi,他很想摆脱目前的困境。 // 后面的车怎么也摆脱不掉。,,FALSE
Bài 4,毫无,#NAME?,一点点也没有，完全不存在,không có gì hết,他对此事毫无所知。 // 这个解释毫无意义。,,FALSE
Bài 4,耗费,#NAME?,"花费, 用的东西非常多",Chi tiêu,这个项目耗费了大量的人力和物力。 // 别把时间耗费在无意义的事上。,,FALSE
Bài 4,不顾,#NAME?,不听， 什么都不管,bấp chấp,他不顾家人的反对执意出国留学。 // 消防员不顾危险冲进火海救人。,,FALSE
Bài 4,挣扎,#NAME?,用力战胜，用力地摆脱困难,vùng vẫy,落网的鱼正在拼命挣扎。 // 他仍在贫困中挣扎。,,FALSE
Bài 4,悲惨,#NAME?,非常可怜，让人看了心里很难过,bi thảm,他们一家的遭遇非常悲惨。 // 这场车祸造成了悲惨的后果。,,FALSE
Bài 4,未免,#NAME?,有点什么了,"có hơi, có chút",你这么说未免太过分了。 // 为了这点小事生气，未免太不值得了。,,FALSE
Bài 4,残忍,#NAME?,伤害别人，感到非常难受,tàn nhẫn,这样对待动物未免太残忍了。 // 现实总是那么残忍。,,FALSE
Bài 4,举世瞩目,#NAME?,全世界的人都在看着，引起了全球的注意,thu hút chủ ý,这个国家的经济成就举世瞩目。 // 这是一个举世瞩目的历史性事件。,,FALSE
Bài 4,子弹,#NAME?,从枪里面发射出来的铁头或金属弹,viên đạn,警方在现场发现了几颗子弹。 // 子弹擦着他的肩膀飞了过去。,,FALSE
Bài 4,窜,#NAME?,很快跑走， 混乱,tháo chạy,老鼠看到猫，吓得四处乱窜。 // 火苗迅速往上窜。,,FALSE
Bài 4,死亡,#NAME?,生命彻底结束，不再活着,chết,事故导致两人当场死亡。 // 我们要坦然面对死亡。,,FALSE
Bài 4,抵抗,#NAME?,不被他打就行,sức chống cự,面对强大的敌人，他们依然顽强抵抗。 // 身体的抵抗力现在很弱。,,FALSE
Bài 4,部位,#NAME?,不同的地方， 圣上某个地方,Phần,你哪个部位感觉疼痛？ // 需要仔细检查这个零件的各个部位。,,FALSE
Bài 4,缺口,#NAME?,zhiwu缺掉了一块，或者计划里的漏洞,lỗ hỏng,这个瓷碗上有一个小缺口。 // 管理体制中还存在着不少缺口。,,FALSE
Bài 4,锋利,#NAME?,刀、剑等工具非常快，或者说话非常厉害,Sắc,这把刀很锋利，用的时候要小心。 // 记者的提问非常锋利。,,FALSE
Bài 4,缠绕,#NAME?,绳子、线或者某种情绪紧紧地绕在上面,"bị vướng, quấn quanh",藤蔓紧紧缠绕在大树上。 // 这件事一直缠绕在我的心头，让我心烦。,,FALSE
Bài 4,俯视,#NAME?,从很高的地方往极低的地方看,Nhìn xuống,站在山顶俯视，风景美如画。 // 从飞机上俯视，城市灯火辉煌。,,FALSE
Bài 4,草案,#NAME?,刚开始写出来的、还没有最后定下来的计划或法律初稿,bản nháp,这份合同草案还需要修改。 // 对公司新方案的草案进行讨论。,,FALSE
Bài 4,偿还,#NAME?,把借别人的钱或者欠别人的恩情还给对方,trả lại,他花了五年时间才偿还完这笔债务。 // 这份恩情我不知该如何偿还。,,FALSE
Bài 4,畅通,#NAME?,道路、管道等非常顺畅，没有东西堵塞,Trơn tru,高峰期过后，道路交通恢复了畅通。 // 确保公司内部信息渠道畅通。,,FALSE
Bài 4,敌视,#NAME?,把对方当成敌人来看待，心里充满仇恨,sự thù địch,我们不应该敌视持有不同意见的人。 // 他那敌视的眼神让人害怕。,,FALSE
Bài 4,雇佣,#NAME?,花钱请别人来为自己工作或干活,Thuê,公司决定雇佣外国专家担任顾问。 // 被雇佣的员工享有其合法权益。,,FALSE
Bài 4,巩固,#NAME?,让原本已经做好的事情或地位变得更加稳固和坚强,Hợp nhất,多看书可以巩固所学的知识。 // 他在公司的地位得到了进一步巩固。,,FALSE
Bài 4,孤立,#NAME?,让某人或者某地跟外界断开联系，变成孤孤单单一个人,cô lập,不要让自己被集体孤立。 // 这个岛屿孤立在大海之中。,,FALSE
Bài 4,解雇,#NAME?,公司或老板开除员工，不让其继续工作,miễn nhiệm,他因严重违反公司规定而被解雇。 // 听说公司近期准备解雇一部分员工。,,FALSE
Bài 4,过奖,#NAME?,别人夸奖自己时，自己表示客气的谦虚回答,Bạn đang tâng bốc tôi đấy.,您过奖了，我还要多向大家学习。 // 经理夸我做得好，我赶紧说“您过奖了”。,,FALSE
Bài 4,表态,#NAME?,在大家面前表明自己对某件事的态度和想法,Tuyên bố,关于这个问题，他至今还没有表态。 // 需要听取相关各方如何表态。,,FALSE
Bài 4,捍卫,#NAME?,用尽全力去保护主权、利益或权利不受侵犯,phòng vệ,我们要坚决捍卫国家利益。 // 律师全力捍卫当事人的合法权益。,,FALSE
bài 5,迫不及待,#NAME?,急得等不了，特别想马上做某事。,Tôi rất mong chờ,我迫不及待地打开了礼物。//孩子们迫不及待地跑出去玩儿。,,FALSE
bài 5,依靠,#NAME?,靠别人或某种力量帮助自己。,dựa vào,我们不能总是依靠父母。,,FALSE
bài 5,借助,#NAME?,借什么做什么,Với sự giúp đỡ của,我们借助地图找到了酒店。//鸟儿借助空气飞翔。,,FALSE
bài 5,勉强,#NAME?,能力不够，但还能做到。// 不想做 --- 温柔一点,miễn cưỡng,我只能勉强听懂一点儿。//他勉强完成了任务。,,FALSE
bài 5,机构,#NAME?,专门做某种事情的组织。,"dơn vị, cơ quan",这是一家教育机构。//那个机构很有名。,,FALSE
bài 5,随意,#NAME?,想做什么就做什么， 不要害怕太多,tùy ý,你可以随意看看。//他说话太随意了。,,FALSE
bài 5,而已,#NAME?,只是这样，没有别的意思。,viì gì mà như vậy thôi,我只是开玩笑而已。//学习外语对我来说是一种兴趣而已。,,FALSE
bài 5,栋,#NAME?,用于楼、房子等建筑物的量词。,tòa (nhà),那栋楼特别高。//他们住在一栋居民楼里。,,FALSE
bài 5,"兴致勃勃   ",#NAME?,特别兴趣，精神。,vô cùng hào hứng,大家兴致勃勃地讨论旅行计划。//孩子们兴致勃勃地做游戏。,,FALSE
bài 5,专程,#NAME?,为了某件事特地去一趟。,Chuyến đi đặc biệt,他专程来看望老师。//我专程来向你道谢。,,FALSE
bài 5,修养,#NAME?,一个人的文化、礼貌和内在素质。,"có giáo dưỡng, giáo dục",她很有修养。//一个人的修养很重要。,,FALSE
bài 5,接连,#NAME?,一件事一件事发生,liên tiếp,问题接连出现。//他接连打了几个电话。,,FALSE
bài 5,动力,#NAME?,推动人做事情的力量。,đoộng lực,目标能给人动力。//他失去了学习动力。,,FALSE
bài 5,固然,#NAME?,承认一种情况，但后面常有另外的意思。,"tất nhiên, dĩ nhiên",兴趣固然重要，但坚持更重要。//这个办法固然好，可成本太高。,,FALSE
bài 5,火药,#NAME?,用爆炸的东西伤害人,thuốc súng,火药是中国古代四大发明之一。//这种材料像火药一样危险。,,FALSE
bài 5,忍耐,#NAME?,很痛苦但控制情绪，不标线出来,chịu đựng,她极力忍耐着疼痛。//面对误解，他选择忍耐。,,FALSE
bài 5,着想,#NAME?,想一想为了别人,"lo nghĩ, lo cho ai",父母总是为孩子着想。//我们要多为别人着想。,,FALSE
bài 5,策划,#NAME?,"更重要，更认识, 更仔细的事","phương án, kế hoạch chuẩn bị",他们正在策划一次活动。//公司提前策划了方案。,,FALSE
bài 5,涉及,#NAME?,关系到、包括什么什么。,Liên quan đến,这个问题涉及很多方面。//他说的话涉及我的隐私。,,FALSE
bài 5,隐私,#NAME?,不想让别人知道的个人事情。,sự riêng tư,每个人都有自己的隐私。//请尊重别人的隐私。,,FALSE
bài 5,反感,#NAME?,让人不喜欢，心里讨厌。,Không thích,我对这种态度很反感。//他的话让我感到反感。,,FALSE
bài 5,达成,#NAME?,经过努力以后实现。tajiatigongnuli,Đạt được,双方终于达成协议。//我们努力达成目标。,,FALSE
bài 5,口气,#NAME?,说话时表现出来的态度和感觉。,giọng điệu,他说话的口气很温和。//我不喜欢他的口气。,,FALSE
bài 5,缓和,#NAME?,从紧张、激烈变得轻松、平和。,dịu đi,气氛慢慢缓和下来。//双方努力缓和关系。,,FALSE
bài 5,设置,#NAME?,安排、建立、放置。,"thiết lập, thiết kế",学校设置了奖学金。//请先设置密码。,,FALSE
bài 5,执行,#NAME?,按照要求去做。,thực hiện,我们必须执行计划。//他认真执行任务。,,FALSE
bài 5,持久,#NAME?,能保持很长时间。,lâu dài,这种关系很难持久。//成功需要持久努力。,,FALSE
bài 5,啥,#NAME?,什么（口语）。,Cái gì,你在说啥呢？//这到底是啥东西？,,FALSE
bài 5,果断,#NAME?,做决定快，不犹豫。,quyết định,她做事一向很果断。//他果断地拒绝了邀请。,,FALSE
bài 5,思维,#NAME?,思考问题的方法和过程。,suy nghĩ,每个人的思维方式不同。//这种问题需要创新思维。,,FALSE
bài 5,"斩钉截铁  ",#NAME?,说话做事非常坚定，不犹豫。,Quyết đoán và kiên định.,他斩钉截铁地拒绝了。//老师斩钉截铁地表示反对。,,FALSE
bài 5,崩溃,#NAME?,原来正常的状态完全坏掉，心理或系统失去控制。,sụp đổ,听到消息后，她几乎崩溃了。//连续加班让我精神崩溃。,,FALSE
bài 5,搭,#NAME?,配合、放在一起合适。,"khớp, phù hợp",这条围巾和你的衣服很搭。//红色和黑色很搭。,,FALSE
bài 5,知音,#NAME?,真正理解自己的人。,Tri kỷ,终于遇到了真正的知音。//他把老师当成知音。,,FALSE
bài 5,无非,#NAME?,只是，不过，不超过这个范围。,chẳng qua là,他无非是想得到认可。//学习语言无非是为了交流。,,FALSE
bài 5,客户,#NAME?,接受服务或买东西的人。,khách hàng,这个客户很重要。//我们需要了解客户需求。,,FALSE
bài 5,恳切,#NAME?,真诚而认真。,chân thành,她的态度十分恳切。//他恳切地请求帮助。,,FALSE
bài 5,薪水,#NAME?,工作得到的钱。,lương,他的薪水提高了。//这份工作的薪水不错。,,FALSE
bài 5,拼命,#NAME?,用很大的力气，不怕辛苦。,dốc hết sức,他拼命工作赚钱。//考试前大家都拼命复习。,,FALSE
bài 5,搁,#NAME?,放、放在某个地方；也可指暂时不做。,"gác lại, đặt",他把钥匙搁在桌上。//这件事先搁一边吧。,,FALSE
bài 5,弊端,#NAME?,不好的地方，缺点。,"tai hại, hạn chế",这个制度有不少弊端。//计划的弊端逐渐显现。,,FALSE
bài 5,颠倒,#NAME?,前后、上下或顺序弄反。,đảo ngược,他说话前后颠倒。//别把顺序颠倒了。,,FALSE
bài 5,权衡,#NAME?,比较不同方面后再决定。,sự đánh đổi,做决定前要权衡利弊。//他权衡之后选择放弃。,,FALSE
bài 5,津津有味,#NAME?,非常有兴趣，觉得很有味道。,Thưởng thức,这本小说我看得津津有味。//孩子们听故事听得津津有味。,,FALSE
bài 5,欢天喜地,#NAME?,非常高兴。,vô cùng vui mừng,大家欢天喜地地庆祝。//孩子们欢天喜地地回家了。,,FALSE
bài 5,火药味十足,#NAME?,气氛或说话方式很紧张，像快要吵架。,Đầy thuốc súng,他们谈话时火药味十足。//会议现场火药味十足。,,FALSE
bài 5,不留死角,#NAME?,没有遗漏，每个地方都照顾到。,Không có điểm mù,老师讲课不留死角。//检查时要做到不留死角。,,FALSE
bài 5,死角,#NAME?,看不到或注意不到的地方。,điểm mù,这里是监控死角。//别忽视问题的死角。,,FALSE
bài 6,上任,#NAME?,开始担任新职位,Nhậm chức,他下个月正式上任了，大家都很期待他的表现 // 新经理刚上任就开始调整部门结构,,FALSE
bài 6,职位,#NAME?,工作中的位置,Chức vụ,这个职位竞争非常激烈，很多人都想得到 // 她为了这个职位准备了整整半年,,FALSE
bài 6,资深,#NAME?,经验很多,thâm niên,他在这个行业干了二十多年，是个资深专家 // 遇到问题时，大家都喜欢请教资深员工,,FALSE
bài 6,就职,#NAME?,正式开始工作,nhận chức,毕业以后，他顺利就职于一家外企 // 新校长下周正式就职,,FALSE
bài 6,搭档,#NAME?,一起合作的人,cộng sự,我们合作很多年了，早就是默契十足的搭档 // 有个靠谱的搭档，工作会轻松很多,,FALSE
bài 6,唯独,#NAME?,只有；只是 =》 人/事,Chỉ một,大家都通过了考试，唯独他差了两分 // 我什么都喜欢吃，唯独不爱吃香菜,,FALSE
bài 6,创立,#NAME?,建立新东西,Thành lập,大学毕业后，他创立了自己的公司 // 这家学校是一百年前创立的,,FALSE
bài 6,沏,#NAME?,用热水泡茶,"pha (trà, cf)",天气冷了，我给你沏杯热茶吧 // 奶奶每天早上都会沏一壶茶,,FALSE
bài 6,边缘,#NAME?,最外面或不重要的位置,bờ rìa,他坐在会场边缘，默默听大家发言 // 长期不参加活动的人容易被边缘化,,FALSE
bài 6,眼色,#NAME?,用眼神表达意思,giao tiếp bằng mắt,老板说话的时候，他一直偷偷给我使眼色 // 在职场上，有时候要学会看眼色,,FALSE
bài 6,不像话,#NAME?,不合理让人不高兴,quá đáng,你这样跟长辈说话太不像话了 // 明明是自己错了，还怪别人，真不像话,,FALSE
bài 6,风气,#NAME?,周围空气,bầu không khí,以前这里学习风气特别好 // 不良风气会影响年轻人的成长,,FALSE
bài 6,明明,#NAME?,很明显， 事实,rõ ràng,明明是你答应的，怎么现在又反悔了 // 他明明知道答案，却故意不说,,FALSE
bài 6,欺负,#NAME?,压别人、让别人受伤害,Bắt nạt,小时候他经常被同学欺负 // 别因为别人老实就欺负人家,,FALSE
bài 6,指标,#NAME?,衡量的标准,chỉ tiêu,为了完成销售指标，大家最近都在加班 // 他提前一个月完成了全年指标,,FALSE
bài 6,成天,#NAME?,"一整天, 说的人不满意",Cả ngày,他成天躺在家里打游戏 // 妈妈成天忙工作，很少休息,,FALSE
bài 6,吹牛,#NAME?,说假话，想让别人羡慕,khoe khoan,他说自己认识很多明星，我觉得他在吹牛 // 别听他吹牛，其实没那么厉害,,FALSE
bài 6,溜,#NAME?,偷偷离开， 悄悄地跑走,chuồn đi,老师刚离开教室，他就偷偷溜出去了 // 小猫趁门开着溜进了房间,,FALSE
bài 6,等级,#NAME?,高低层次,cấp,公司等级分得很清楚 // 不同等级享受不同待遇,,FALSE
bài 6,公道,#NAME?,公平，合理,công lý,大家都觉得这样的处理方式很公道 // 老板做事一向公道,,FALSE
bài 6,哼,#NAME?,表示不满的声音,khịt mũi,哼，我才不相信你的话呢 // 她哼了一声，转身离开了,,FALSE
bài 6,大不了,#NAME?,最坏也不过如此,Tệ nhất là,大不了重头再来，没什么可怕的 // 大不了我自己一个人去,,FALSE
bài 6,展示,#NAME?,给别人看自己的想,thể hiện,她在会上展示了自己的设计作品 // 博物馆正在展示珍贵文物,,FALSE
bài 6,才干,#NAME?,做事能力,năng lực,他很有领导才干，大家都服他 // 她终于有机会发挥自己的才干,,FALSE
bài 6,计较,#NAME?,太在意小事一点也跟别人比较,So sánh,朋友之间没必要太计较 // 他连这么点小事都要计较,,FALSE
bài 6,全力以赴,#NAME?,用全部力量去做,Hãy dốc hết sức mình,为了比赛，全队都在全力以赴地训练 // 他全力以赴准备这次考试,,FALSE
bài 6,怠慢,#NAME?,不够热情、不重视对待别人,lạnh nhạt， thờ ơ,不好意思，今天怠慢您了 // 公司不敢怠慢任何客户,,FALSE
bài 6,敷衍,#NAME?,不认真应付,"qua loa, lấy lệ",他只是随便敷衍了几句 // 对工作不能总是敷衍,,FALSE
bài 6,想方设法,#NAME?,用各种办法,Thử mọi cách,为了治好孩子的病，父母想方设法筹钱 // 我们正在想方设法解决问题,,FALSE
bài 6,凑合,#NAME?,勉强可以,ứng biến,条件虽然一般，但暂时还能凑合住 // 今天太晚了，晚饭就先凑合一下吧,,FALSE
bài 6,忙碌,#NAME?,非常忙,Bận,年底的时候大家都特别忙碌 // 她每天忙碌得连休息时间都没有,,FALSE
bài 6,时光,#NAME?,时间（多带回忆感）,Thời gian,快乐的时光总是过得特别快 // 他常常怀念大学时光,,FALSE
bài 6,飞跃,#NAME?,快速进步,nhảy vọt,经过努力，他的成绩有了很大飞跃 // 公司近几年发展实现了飞跃,,FALSE
bài 6,投诉,#NAME?,因不满意提出意见,"khiếu nại, phàn nàn",顾客因为服务问题进行了投诉 // 如果有意见，可以向有关部门投诉,,FALSE
bài 6,激情,#NAME?,强烈的热情,Niềm đam mê,她对工作一直充满激情 // 年轻人应该保持对生活的激情,,FALSE
bài 6,年度,#NAME?,和一年有关,năm,公司年度会议下周举行 // 这是本年度最重要的项目,,FALSE
bài 6,考核,#NAME?,检查和评价,Đánh giá,年底公司会对员工进行考核 // 他的考核结果非常优秀,,FALSE
bài 6,敬业,#NAME?,对工作认真负责,Sự cống hiến,他工作认真负责，很有敬业精神 // 医生需要具备高度敬业精神,,FALSE
bài 6,兢兢业业,#NAME?,非常认真小心地工作,tận tâm,父亲几十年来一直兢兢业业地工作 // 她对每项任务都兢兢业业,,FALSE
bài 6,当初,#NAME?,最开始的时候,Ban đầu,当初如果再努力一点，结果可能不一样 // 我当初真不该轻易放弃,,FALSE
bài 6,技巧,#NAME?,做事的方法和能力,Kỹ năng,他说话很有技巧，从来不得罪人 // 学习也需要掌握一定技巧,,FALSE
bài 6,传授,#NAME?,把技巧/经验/方法教给别人,dạy bảo,老师毫无保留地传授经验 // 师傅认真传授自己的技术,,FALSE
bài 6,回报,#NAME?,报答、得到结果,hồi đáp,多年的努力终于得到了回报 // 父母的付出不求回报,,FALSE
bài 6,人格,#NAME?,人的品德和性格,nhân cách,我最欣赏的是他的人格魅力 // 做人要有独立的人格,,FALSE
bài 6,施展,#NAME?,发挥能力,phát huy,公司终于给了他施展能力的机会 // 她希望能施展自己的才华,,FALSE
bài 6,时机,#NAME?,合适的时候,cơ hội,现在正是投资的好时机 // 他一直在等待合适的时机,,FALSE
bài 6,创办,#NAME?,建立公司、学校等,Thành lập,父亲年轻时创办了这家公司 // 她梦想创办自己的品牌,,FALSE
bài 6,边缘化,#NAME?,变得不重要,Sự gạt ra ngoài lề,因为长期不发言，他逐渐被边缘化了 // 一些传统行业正在被边缘化,,FALSE
bài 6,鸦雀无声,#NAME?,非常安静,Im lặng,老师一进教室，全班立刻鸦雀无声 // 会场突然变得鸦雀无声,,FALSE
bài 6,飞跃式,#NAME?,发展特别快,Nhảy vọt,近几年公司取得了飞跃式发展 // 科技行业正经历飞跃式进步,,FALSE
bài 6,毫无保留,#NAME?,一点也不隐藏,Không chút do dự,老师毫无保留地帮助学生成长 // 她把自己的经验毫无保留地分享出来,,FALSE
bài 6,咨询师,#NAME?,给别人建议的人,Tư vấn,她是一名专业的心理咨询师 // 咨询师给了我很多有用建议,,FALSE
bài 6,老手,#NAME?,很有经验的人,cựu chiến binh,他是修电脑的老手 // 这种事情对老手来说很简单,,FALSE
bài 6,新手,#NAME?,刚开始学习的人,Người mới,我是新手，还有很多地方不懂 // 新手刚开始犯错很正常,,FALSE
bài 6,前辈,#NAME?,比自己经验更多的人,người lớn tuổi,这位前辈给了我很多帮助 // 见到前辈应该主动打招呼,,FALSE
bài 6,插班生,#NAME?,中途进班的学生,sinh viên chuyển trường,班里来了一个新的插班生 // 插班生需要时间适应环境,,FALSE
bài 6,性感,#NAME?,有吸引力,Quyến rũ,她今天的穿着看起来很性感 // 这种风格比较成熟性感,,FALSE
bài 6,澄清,#NAME?,解释清楚,làm rõ,公司马上发公告澄清事实 // 他主动出来澄清误会,,FALSE
bài 6,奠定,#NAME?,打下基础,Đặt nền móng,这次成功为未来发展奠定了基础 // 良好的习惯是在小时候奠定的,,FALSE
bài 6,动机,#NAME?,做事原因,động lực,大家怀疑他的动机不单纯 // 做事之前要想清楚自己的动机,,FALSE
bài 6,断绝,#NAME?,完全停止联系,cắt đứt,他决定和对方断绝来往 // 两家公司已经断绝合作关系,,FALSE
bài 6,见闻,#NAME?,看到和听到的事,kiến thức,旅行让他增长了不少见闻 // 他喜欢和朋友分享见闻,,FALSE
bài 6,章程,#NAME?,规定和规则,Điều lệ công ty,公司章程规定员工必须遵守纪律 // 修改章程需要大家同意,,FALSE
bài 6,周年,#NAME?,满一年的纪念,dịp kỉ niệm,今年是公司成立二十周年 // 学校准备举办周年庆典,,FALSE
bài 6,起草,#NAME?,写第一版文件,Soạn thảo,律师正在起草合同 // 政府已经开始起草新政策,,FALSE
bài 6,无赖,#NAME?,不讲理、爱耍赖的人,kẻ phản bội,那个无赖总喜欢找别人麻烦 // 别跟无赖讲道理,,FALSE
bài 6,暧昧,#NAME?,关系不清楚,mơ hồ,他们之间的关系有点暧昧 // 她不喜欢这种暧昧不清的状态,,FALSE
bài 6,后顾之忧,#NAME?,对未来的担心,Đừng lo lắng về tương lai,孩子长大以后，父母就少了很多后顾之忧 // 有了稳定收入，我终于没有后顾之忧了,,FALSE
bài 7,天生,#NAME?,生来就有的，不是后天学的,Bẩm sinh,有些人天生就很聪明,,FALSE
bài 7,做主,#NAME?,自己决定事情,Hãy dẫn đầu,父母不应该替孩子做主,,FALSE
bài 7,挫折,#NAME?,失败、打击  更重,sự thất vọng,失败的挫折让他更加努力,,FALSE
bài 7,意志,#NAME?,坚定的决心,ý chí,坚持锻炼需要很大的意志,,FALSE
bài 7,敏锐,#NAME?,感觉很灵敏,"nhạy cảm, nhạy bén",她对音乐有敏锐的感觉,,FALSE
bài 7,畏惧,#NAME?,"害怕, 想放弃",nỗi sợ,小孩常常畏惧黑暗,,FALSE
bài 7,勇于,#NAME?,敢于去做,Lòng can đảm,他勇于尝试新事物,,FALSE
bài 7,伤脑筋,#NAME?,太难了让人很头疼、很费脑子,rắc rối,这个数学题真伤脑筋,,FALSE
bài 7,枯燥,#NAME?,没有意思，很单调,nhàm chán,这本书写得太枯燥了,,FALSE
bài 7,擅长,#NAME?,很会做某事,Có tay nghề,我不擅长唱歌,,FALSE
bài 7,成本,#NAME?,做事情付出的钱和精力,chi phí,学费是很大的成本,,FALSE
bài 7,急躁,#NAME?,心里着急，没有耐心,thiếu kiên nhẫn,他性格很急躁,,FALSE
bài 7,顾虑,#NAME?,担心、放心不下,bận tâm,我没有顾虑,,FALSE
bài 7,过度,#NAME?,太多,quá mức,,,FALSE
bài 7,致使,#NAME?,导致（多指不好的结果）,Gây ra,他的粗心致使实验失败,,FALSE
bài 7,终身,#NAME?,一辈子,suốt đời,这是我终身难忘的事,,FALSE
bài 7,悔恨,#NAME?,非常后悔到恨自己,hối hận,他非常悔恨自己的决定,,FALSE
bài 7,类似,#NAME?,差不多、相像,tương tự,这两种情况很类似,,FALSE
bài 7,精确,#NAME?,非常准确,chính xác,他的计算非常精确,,FALSE
bài 7,伴随,#NAME?,跟着一起出现,Đi kèm,成功常常伴随失败,,FALSE
bài 7,日益,#NAME?,一天比一天更……,ngày càng,空气污染日益严重,,FALSE
bài 7,运行,#NAME?,机器或系统的正常工作， 动,chạy,机器运行正常,,FALSE
bài 7,裁员,#NAME?,公司减少员工,sa thải,经济不好，很多工厂在裁员,,FALSE
bài 7,意味着,#NAME?,某个事情的背后有一个神的意思,nghĩa là,这意味着我们必须努力,,FALSE
bài 7,英明,#NAME?,聪明有远见,sáng suốt,这是一个英明的决定,,FALSE
bài 7,"称心如意  ",#NAME?,非常满意，完全符合心意,Mọi việc diễn ra theo đúng kế hoạch.,他终于找到称心如意的工作,,FALSE
bài 7,除,#NAME?,"除了……以外, 把。。。放在方边","ngoài ra, phép chia",除他以外，大家都去了,,FALSE
bài 7,热门,#NAME?,很受欢迎、很火,Phổ biến,这部电影很热门,,FALSE
bài 7,以致,#NAME?,导致（多指不好的结果）,"Vì vậy,",他太累了，以致生病了,,FALSE
bài 7,饱和,#NAME?,已经满了，不能再增加,độ bão hòa,这个市场已经饱和,,FALSE
bài 7,就业,#NAME?,找到工作,Thuê người làm,他今年顺利就业了,,FALSE
bài 7,及早,#NAME?,"尽早、早一点, 先做赶快",càng sớm càng tốt,我们应该及早准备,,FALSE
bài 7,机遇,#NAME?,很难有好机会， 很难得,cơ hội,抓住机遇很重要,,FALSE
bài 7,并非,#NAME?,并不是,khoông phải,他并非不想帮忙,,FALSE
bài 7,心灵,#NAME?,"内心,情神，想法",taâm hồn,音乐能净化心灵,,FALSE
bài 7,免疫,#NAME?,抵抗力,miễn dịch,锻炼能提高免疫力,,FALSE
bài 7,决策,#NAME?,"做出决定, 更重要",ra quyết định,领导决策很正确,,FALSE
bài 7,争先恐后,#NAME?,争着向前，怕落后,vội vàng để trở thành người đầu tiên,大家争先恐后报名,,FALSE
bài 8,婴儿,#NAME?,刚出生的孩子,Đứa bé,这个婴儿刚出生三天。,,FALSE
bài 8,翻天覆地,#NAME?,变化非常大,sự biến động,他的生活最近发生了翻天覆地的变化。,,FALSE
bài 8,更新,#NAME?,变成新的,gia hạn,这本书的内容已经更新了。,,FALSE
bài 8,酒窝,#NAME?,笑的时候脸上的小坑,lúm đồng tiền,小女孩脸上有两个可爱的酒窝。,,FALSE
bài 8,蹦,#NAME?,跳起来,nhảy,他高兴得蹦了起来。,,FALSE
bài 8,疤,#NAME?,伤口好了以后留下的痕迹,vết sẹo,那次事故在他手上留下一道疤。,,FALSE
bài 8,跌,#NAME?,变宜了，摔倒,ngã,小心别跌倒了。,,FALSE
bài 8,掩盖,#NAME?,把事情藏起来，不让人看见,che phủ,云掩盖了太阳。,,FALSE
bài 8,"大脑 ",#NAME?,人思考的器官， 书面字,Não,他的大脑很聪明。,,FALSE
bài 8,确信,#NAME?,"非常相信, 一点也不怀疑",tin chắc rằng,他确信这个决定是对的。,,FALSE
bài 8,比喻,#NAME?,用一个东西来说明另一个东西,"ví dụ, ví như",把爱情比喻成玫瑰。,,FALSE
bài 8,呈现,#NAME?,显露出来,thể hiện,画面呈现出温暖的颜色。,,FALSE
bài 8,固有,#NAME?,本来就有的,vốn có,这是人类固有的本能。,,FALSE
bài 8,阐述,#NAME?,详细说明,trình bày,老师详细阐述了这个理论。,,FALSE
bài 8,陈述,#NAME?,清楚地说明,tuyên bố,,,FALSE
bài 8,见解,#NAME?,想法,ý kiến,他对这个问题有独特的见解。,,FALSE
bài 8,演变,#NAME?,慢慢变化和发展,Sự tiến hóa,科技正在快速演变。,,FALSE
bài 8,推测,#NAME?,根据情况猜想,suy đoán,专家推测明天会下雨。,,FALSE
bài 8,譬如,#NAME?,比如,Ví dụ,譬如说，我们可以去散步。,,FALSE
bài 8,各抒己见,#NAME?,每个人说出自己的看法,Mỗi người đều bày tỏ ý kiến ​​riêng của mình.,同学们各抒己见，气氛很热烈。,,FALSE
bài 8,通缉,#NAME?,警察公开抓捕,truy nã,这个罪犯被通缉了很多年。,,FALSE
bài 8,惩罚,#NAME?,处罚,trừng phạt,坏人应该受到惩罚。,,FALSE
bài 8,忧郁,#NAME?,心里很不开心,u sầu,她因为失恋而感到忧郁。,,FALSE
bài 8,肺,#NAME?,呼吸的器官,phổi,吸烟对肺有害。,,FALSE
bài 8,器官,#NAME?,身体的组成部分,cơ quan,眼睛是人体重要器官。,,FALSE
bài 8,极端,#NAME?,非常过分,vô cùng,不要走极端。,,FALSE
bài 8,空前绝后,#NAME?,以前没有，以后也不会有,Chưa từng có và vô song,这次比赛规模空前绝后。,,FALSE
bài 8,清醒,#NAME?,头脑清楚,tỉnh lại,喝了咖啡后，我清醒了很多。,,FALSE
bài 8,言论,#NAME?,说的话、观点,lý luận,不要轻易相信网络上的言论。,,FALSE
bài 8,学说,#NAME?,理论、思想,học thuyết,这个学说已经被很多人接受。,,FALSE
bài 8,昏迷,#NAME?,,hôn mê,他因为车祸严重受伤，目前依然处于昏迷状态。,,FALSE
bài 8,移植,#NAME?,把器官从一个人移到另一个人身上,cấy ghép,器官移植技术越来越先进。,,FALSE
bài 8,面貌,#NAME?,脸的样子、青神 ， 状态,khuôn mặt,城市的面貌发生了很大变化。,,FALSE
bài 8,遥远,#NAME?,很远,xa xôi,我的梦想看起来还很遥远。,,FALSE
bài 8,陷入,#NAME?,进入某种不好的状态,Rơi vào,公司陷入财务危机。,,FALSE
bài 8,思索,#NAME?,认真思考,suy nghĩ,他整夜都在思索人生。,,FALSE
bài 8,设想,#NAME?,想象,Tưởng tượng,他设想了很多种可能。,,FALSE
bài 8,性命,#NAME?,生命,mạng sống,保护好自己的性命。,,FALSE
bài 8,无忧无虑,#NAME?,没有烦恼，很开心,vô tư,我希望过无忧无虑的生活。,,FALSE
bài 8,崭新,#NAME?,全新的,Hoàn toàn mới,他穿着一件崭新的衣服。,,FALSE
bài 9,正经,#NAME?,做事认真，不随便开玩笑,nghiêm trọng,我是正经跟你说的。,,FALSE
bài 9,玩意儿,#NAME?,可以拿来用、玩或者看的东西,điều,这是什么玩意儿？,,FALSE
bài 9,憋,#NAME?,心里有话、有感觉，但不说出来,kìm hãm lại,有什么委屈别憋在心里。,,FALSE
bài 9,报警,#NAME?,遇到危险或问题时告诉警察,Gọi cảnh sát,发现情况不对，他立刻报警了。,,FALSE
bài 9,绑架,#NAME?,把人强行带走，不让他自由离开,bắt cóc,电影里的孩子被坏人绑架了。,,FALSE
bài 9,受罪,#NAME?,身体或心里很难受,Sự đau khổ,牙疼的时候真受罪。,,FALSE
bài 9,吼,#NAME?,声音很大地说话,kêu la,别对孩子大吼大叫。,,FALSE
bài 9,智能,#NAME?,能自己处理事情、做出反应,thông minh,现在很多家庭都在用智能家电。,,FALSE
bài 9,奴隶,#NAME?,没有自由，要听别人命令的人,nô lệ,别做手机的奴隶。,,FALSE
bài 9,麻木,#NAME?,对事情没有感觉，也没有反应,tê liệt,同样的话听多了，人就麻木了。,,FALSE
bài 9,狼吞虎咽,#NAME?,吃东西很快，好像很久没吃饭一样,sói,他饿得狼吞虎咽地吃起来。,,FALSE
bài 9,伺候,#NAME?,照顾别人生活上的需要,phục vụ,奶奶生病了，需要人伺候。,,FALSE
bài 9,眨,#NAME?,眼睛很快地关一下又打开,nháy mắt,她眨了眨眼睛，没有说话。,,FALSE
bài 9,索性,#NAME?,不再考虑别的，直接这样做,Vậy thì cứ như thế đi,既然来了，我索性进去看看。,,FALSE
bài 9,作息,#NAME?,每天什么时候工作、学习、休息,Thói quen hàng ngày,我的作息一直很规律。,,FALSE
bài 9,着手,#NAME?,开始动手做某件事,Bắt đầu,这项工作已经开始着手准备了。,,FALSE
bài 9,安置,#NAME?,把人或东西安排在合适的地方,"thu xếp, bố trí",学校已经安置好了受灾群众。,,FALSE
bài 9,防止,#NAME?,提前准备办法，不让事情发生 （不能控制）,ngăn chặn,我们要防止类似的问题再次发生。,,FALSE
bài 9,薄弱,#NAME?,力量不够，容易出问题,yếu đuối,这个环节比较薄弱。,,FALSE
bài 9,精致,#NAME?,做得很细，很漂亮,tinh xảo,她今天打扮得很精致。,,FALSE
bài 9,庄重,#NAME?,给人严肃、正式的感觉,trang nghiêm,婚礼现场显得十分庄重。,,FALSE
bài 9,分散,#NAME?,从集中变成不集中,sự phân tán,注意力容易被手机分散。,,FALSE
bài 9,僵硬,#NAME?,身体不灵活，不容易活动,cứng,坐久了身体有点僵硬。,,FALSE
bài 9,四肢,#NAME?,人的两只手和两条腿,chi,运动可以锻炼四肢。,,FALSE
bài 9,特长,#NAME?,比一般人更擅长的能力,sở trường,他的特长是画画。,,FALSE
bài 9,兴高采烈,#NAME?,心情特别高兴,vui mừng,孩子们兴高采烈地跑进教室。,,FALSE
bài 9,摇滚,#NAME?,一种节奏很强的现代音乐,Đá,我年轻时很喜欢听摇滚。,,FALSE
bài 9,一举两得,#NAME?,做一件事，得到两个好处,Một công đôi việc,这样做真是一举两得。,,FALSE
bài 9,侦探,#NAME?,专门调查案件的人,thám tử,这位侦探很有经验。,,FALSE
bài 9,案件,#NAME?,需要调查和处理的事件,vụ án,警方正在调查这起案件。,,FALSE
bài 9,突破,#NAME?,遇到困难后取得新的进展,đột phá,经过努力，终于有了突破。,,FALSE
bài 9,震惊,#NAME?,因为某件事感到非常吃惊,sốc,这个消息让我十分震惊。,,FALSE
bài 9,恐怖,#NAME?,让人感到害怕,nỗi sợ,一个人走夜路总觉得有点恐怖。,,FALSE
bài 9,袭击,#NAME?,突然使用力量攻击,tấn công,机场曾遭到不明人员袭击。,,FALSE
bài 9,干扰,#NAME?,影响别人正常做事,sự can thiệp,噪音严重干扰了我的工作。,,FALSE
bài 9,冷落,#NAME?,不被重视，不被关心,sao nhãng,最近总觉得被朋友冷落了。,,FALSE
bài 9,踏实,#NAME?,心里安稳，不着急,yên tâm,把事情交给他，我很踏实。,,FALSE
bài 9,空虚,#NAME?,心里好像缺少什么东西,trống rỗng,假期结束后心里有点空虚。,,FALSE
bài 9,要命,#NAME?,严重得让人受不了,Nguy hiểm,热得真要命。,,FALSE
bài 9,消耗,#NAME?,在使用过程中慢慢减少,Sự tiêu thụ,长时间开车很消耗体力。,,FALSE
bài 9,弥补,#NAME?,把失去的东西补回来,bù đắp,希望以后有机会弥补这个遗憾。,,FALSE
bài 9,沸腾,#NAME?,像开水一样翻滚,sôi,比赛现场气氛沸腾。,,FALSE
bài 9,弥漫,#NAME?,慢慢散开，到处都有,"lan tỏa, bao phủ",空气中弥漫着花香。,,FALSE
bài 9,往常,#NAME?,平时，一般情况下,Thông thường,他和往常一样准时到达。,,FALSE
bài 9,安宁,#NAME?,安静、平和，没有打扰,an yên,大家都希望过上安宁的生活。,,FALSE
bài 10,视野,#NAME?,看东西能达到更远,tầm nhìn,我的视野因为旅行变得更开阔了。// 阅读可以扩大我们的视野。,,FALSE
bài 10,饮食,#NAME?,吃的东西和吃饭的习惯,ẩm thực,中国人的饮食习惯很有特色。// 合理的饮食对身体很重要。,,FALSE
bài 10,蕴藏,#NAME?,里面藏着很多,chứa đựng,这片土地蕴藏着丰富的矿产。// 中国文化蕴藏着深厚的智慧。,,FALSE
bài 10,传达,#NAME?,把信息或想法传给别人,truyền đạt,这首歌传达了作者对家乡的感情。// 食物能传达一个民族的文化。,,FALSE
bài 10,鲜明,#NAME?,很明显、很突出,sống động,这幅画的颜色对比非常鲜明。// 他的特点是性格鲜明。,,FALSE
bài 10,优异,#NAME?,特别好、成绩突出,Xuất sắc,他这次考试取得了优异的成绩。// 运动员表现出了优异的水平。,,FALSE
bài 10,以至,#NAME?,甚至到、结果导致 (好 + 坏的结果）,dẫn đến,他努力学习，以至忘记了吃饭。// 雨下得太大，以至道路被淹了。,,FALSE
bài 10,调和,#NAME?,"让不同的东西配合好, 改某个紧张的情况",hòa giải,不同意见需要互相调和。// 这两种颜色搭配得很调和。,,FALSE
bài 10,辽阔,#NAME?,面积很大、很宽广,rộng lớn,中国地域辽阔，各地美食不同。// 辽阔的大草原一望无际。,,FALSE
bài 10,飞禽走兽,#NAME?,天上飞的鸟和地上跑的动物,chim và thú,森林里有许多飞禽走兽。// 古代人靠飞禽走兽为食。,,FALSE
bài 10,湖泊,#NAME?,一片很大的水域,hồ,这个湖泊很大很漂亮。// 湖泊周围风景优美。,,FALSE
bài 10,溪,#NAME?,小河流,Suối,小溪的水清澈见底。// 溪边有很多野花。,,FALSE
bài 10,丘陵,#NAME?,不高的山地,đồi,这里是丘陵地带，适合种茶。// 丘陵地区起伏不大。,,FALSE
bài 10,种植,#NAME?,把植物种到地里,Trồng cây,农民在田里种植蔬菜。// 这里适合种植水稻。,,FALSE
bài 10,即便,#NAME?,就是…也,ngay cả khi,即便下雨，我们也要去。// 即便失败了，也不要放弃。,,FALSE
bài 10,素食,#NAME?,不吃肉类的食物,chế độ ăn chay,他是一个素食爱好者。// 素食越来越受欢迎。,,FALSE
bài 10,人间,#NAME?,人生活的世界,thế giới,人间有许多美好的事情。// 这里简直是人间天堂。,,FALSE
bài 10,体系,#NAME?,完整的组织结构,hệ thống,教育体系需要不断完善。// 这个管理体系很完整。,,FALSE
bài 10,精心,#NAME?,非常认真仔细地做,Cẩn thận,他精心准备了今天的演讲。// 妈妈精心做了一顿饭。,,FALSE
bài 10,构思,#NAME?,提前想好怎么安排,Ý tưởng,这部电影构思非常巧妙。// 设计师正在构思新方案。,,FALSE
bài 10,烹饪,#NAME?,做菜的过程,nấu ăn,她很会烹饪中国菜。// 学习烹饪可以让人快乐。,,FALSE
bài 10,认可,#NAME?,同意、接受,Sự chấp thuận,他的想法得到了大家的认可。// 这个新产品获得了市场认可。,,FALSE
bài 10,形态,#NAME?,东西的外形样子,hình thức,云的形态千变万化。// 这种花的形态很特别。,,FALSE
bài 10,栽培,#NAME?,把植物种起来养,canh tác,他在温室里栽培了很多花。// 农民栽培了新品种水果。,,FALSE
bài 10,"培育",#NAME?,培养植物或动物,Trồng trọt,科学家培育出新品种水稻。// 老师培育了学生的兴趣。,,FALSE
bài 10,凡是,#NAME?,只要是、所有的,tất cả,凡是努力的人都会进步。// 凡是参加考试的人都要准时。,,FALSE
bài 10,清晰,#NAME?,看得清楚、明白,Thông thoáng,他的发音非常清晰。// 我清晰地记得那件事。,,FALSE
bài 10,分辨,#NAME?,区分不同的事物,Phân biệt,我很难分辨这两种颜色。// 他能分辨真假。,,FALSE
bài 10,区域,#NAME?,一定的地区范围,khu vực,这个区域发展很快。// 不同区域有不同文化。,,FALSE
bài 10,辉煌,#NAME?,非常出色、光彩,xuất sắc,中国的古代文明非常辉煌。// 他取得了辉煌的成就。,,FALSE
bài 10,和谐,#NAME?,相处融洽、协调,hài hòa,家庭成员之间要和谐相处。// 这幅画的颜色很和谐。,,FALSE
bài 10,继承,#NAME?,接过前人的东西继续下去,kế thừa,我们要继承祖先的优秀传统。// 他继承了父亲的事业。,,FALSE
bài 10,元素,#NAME?,组成整体的基本部分,yếu tố,水是生命的重要元素。// 创新是公司发展的元素。,,FALSE
bài 10,活力,#NAME?,生命的力量、精神,sức sống,年轻人充满活力。// 这座城市很有活力。,,FALSE
bài 10,奥秘,#NAME?,神秘而难懂的事情,Bí ẩn,宇宙中还有很多奥秘。// 生命的起源是一个奥秘。,,FALSE
bài 10,品种,#NAME?,不同的种类,đa dạng,超市里有各种品种的苹果。// 这个品种的米很好吃。,,FALSE
bài 10,频率,#NAME?,出现的次数多少,Tính thường xuyên,他发短信的频率很高。// 这种病发作的频率增加了。,,FALSE
bài 10,调料,#NAME?,做菜时加的调味东西,gia vị,做菜需要合适的调料。// 盐是最基本的调料。,,FALSE
bài 10,正宗,#NAME?,真正原产地的、正宗的,chính cống,这才是正宗的四川火锅。// 他做的是正宗的意大利面。,,FALSE
bài 10,所在,#NAME?,存在的位置,Vị trí,问题的关键所在是资金。// 这就是成功的秘密所在。,,FALSE
bài 10,加工,#NAME?,对原料进行处理,gia công,工厂正在加工原材料。// 这些水果需要加工后才能吃。,,FALSE
bài 10,创新,#NAME?,创造出新的东西,Sự đổi mới,我们要勇于创新。// 这家公司非常注重创新。,,FALSE
bài 10,就餐,#NAME?,吃饭,Ăn uống,大家正在就餐，请不要打扰。// 中国人就餐时喜欢聊天。,,FALSE
bài 10,照样,#NAME?,和原来一样,vẫn như thế,即使失败了，他照样努力。// 虽然下雨，他照样出门跑步。,,FALSE
bài 10,得力,#NAME?,因为…而成功,Cửa hàng thực phẩm chế biến sẵn,他的成功得力于坚持不懈。// 这项成果得力于团队合作。,,FALSE
bài 10,内在,#NAME?,内部本身的,Bên trong,内在美比外表更重要。// 要了解事物的内在规律。,,FALSE
bài 10,灵感,#NAME?,突然出现的好的想法,cảm hứng,他突然有了灵感，写出一首好诗。// 缺乏灵感的时候很难创作。,,FALSE
bài 10,排斥,#NAME?,不接受、拒绝,Từ chối,他排斥一切新事物。// 不要排斥不同的意见。,,FALSE
bài 10,折,#NAME?,弯曲、叠起来,nếp gấp,这张纸可以折成飞机。// 他把衣服折得整整齐齐。,,FALSE
bài 10,跪,#NAME?,用膝盖跪在地上,quỳ xuống,古代中国人跪坐吃饭。// 他跪下来感谢父母。,,FALSE
bài 10,局限,#NAME?,被限制在一定范围内,Hạn chế,不要局限自己的思维。// 他的发展受到了局限。,,FALSE
bài 10,诞生,#NAME?,开始出现、产生,Sinh,智能手机诞生于20世纪末。// 新思想诞生于交流中。,,FALSE
bài 11,流浪,#NAME?,没有固定的家，到处生活的人,Lang thang,他小时候流浪过一段时间。,,FALSE
bài 11,淋,#NAME?,身上有水，衣服被水弄湿了,Lin,下雨了，他全身都淋湿了。,,FALSE
bài 11,拜访,#NAME?,到别人家里去看望别人,ghé thăm,周末我去拜访了老师。,,FALSE
bài 11,见多识广,#NAME?,看过很多地方、经历过很多事情,hiểu biết nhiều và nhìn xa trông rộng ,爷爷去过很多国家，见多识广。,,FALSE
bài 11,教养,#NAME?,对别人有礼貌，会考虑别人的感受,sự nuôi dạy,有教养的人说话很有礼貌。,,FALSE
bài 11,懒惰,#NAME?,该做的事不愿意做，总想休息,Lười,他太懒惰了，连房间都不收拾。,,FALSE
bài 11,馋,#NAME?,总想吃东西，看见好吃的就想吃,thèm,弟弟很馋，一看见蛋糕就想吃。,,FALSE
bài 11,亲热,#NAME?,像家人一样靠得很近，很自然地相处,nhiệt tình thân thiết,小猫一见到主人就特别亲热。,,FALSE
bài 11,统统,#NAME?,一个也不留，全部都包括进去,tất cả,这些水果统统都是给你的。,,FALSE
bài 11,迷人,#NAME?,让人觉得很有吸引力,quyến rũ,这里的夜景非常迷人。,,FALSE
bài 11,模范,#NAME?,做得很好，能给别人学习的人或事物,hình mẫu,她是大家学习的模范。,,FALSE
bài 11,饲养,#NAME?,照顾动物，让它们长大,chăn nuôi,他从小饲养小动物。,,FALSE
bài 11,清洁,#NAME?,把脏东西弄干净,lau dọn,妈妈每天都把房间打扫得很清洁。,,FALSE
bài 11,喂,#NAME?,把食物送到嘴边让人或动物吃,Xin chào,爷爷正在喂小鸟吃东西。,,FALSE
bài 11,操纵,#NAME?,用手或工具控制东西怎么动,điều khiển,他正在操纵这台机器。,,FALSE
bài 11,跟踪,#NAME?,一直跟在后面，看看去了哪里,theo dõi,警察一直在跟踪那个可疑的人。,,FALSE
bài 11,角落,#NAME?,不容易看见，不显眼的地方,ngóc ngách,那只小猫躲在角落里。,,FALSE
bài 11,误差,#NAME?,结果和实际情况不完全一样,sai số,这次计算有一点儿误差。,,FALSE
bài 11,踪迹,#NAME?,走过后留下的痕迹,dấu vết,警察发现了小偷的踪迹。,,FALSE
bài 11,动静,#NAME?,有没有声音、有没有事情发生,sự chuyển động,外面一点儿动静也没有。,,FALSE
bài 11,操作,#NAME?,按照方法使用机器或设备,vận hành,他已经学会操作电脑了。,,FALSE
bài 11,凝视,#NAME?,长时间认真地看着,ánh nhìn,她凝视着远方的大海。,,FALSE
bài 11,深沉,#NAME?,心里想得很多，不轻易表现出来,sâu,他说话的声音很深沉。,,FALSE
bài 11,监视,#NAME?,在旁边一直看着别人做什么,Giám sát,工作人员正在监视现场情况。,,FALSE
bài 11,举动,#NAME?,做出来的动作或行为,di chuyển,他的举动让大家很吃惊。,,FALSE
bài 11,繁忙,#NAME?,事情很多，没有空闲时间,bận,最近工作特别繁忙。,,FALSE
bài 11,急切,#NAME?,心里很想马上做到某件事,háo hức,大家都在急切地等消息。,,FALSE
bài 11,例外,#NAME?,和一般情况不一样的情况,ngoại lệ,这次是个例外。,,FALSE
bài 11,趴,#NAME?,身体贴着地面或别的东西不动,nói dối,小狗趴在地上睡觉。,,FALSE
bài 11,知足常乐,#NAME?,知道自己已经拥有很多，不总想着得到更多,Sự mãn nguyện mang lại hạnh phúc,爷爷常说知足常乐。,,FALSE
bài 11,恭敬,#NAME?,对别人很有礼貌，很尊重别人,cung kính,学生恭敬地向老师问好。,,FALSE
bài 11,君子,#NAME?,品德好、做事正直的人,quý ông,他是一位真正的君子。,,FALSE
bài 11,嗅觉,#NAME?,用鼻子分辨气味的能力,khứu giác,狗的嗅觉非常厉害。,,FALSE
bài 11,灵敏,#NAME?,发现变化很快，反应很快,Nhạy cảm,她很灵敏，很快就发现了问题。,,FALSE
bài 11,敏捷,#NAME?,动作很快，不拖拉,linh hoạt,猴子的动作十分敏捷。,,FALSE
bài 11,快活,#NAME?,心里高兴，过得开心,vui mừng,孩子们玩得很快活。,,FALSE
bài 11,扑,#NAME?,一下子冲过去，用身体靠近目标,"vồ, nhào, lao",小猫一下子扑到了主人怀里。,,FALSE
bài 11,缺陷,#NAME?,天生就有、不容易改掉的问题,khuyết điểm,每个人都有自己的缺陷。,,FALSE
bài 11,镜头,#NAME?,照相机拍下来的画面,ống kính,记者把镜头对准了运动员。,,FALSE
bài 11,自力更生,#NAME?,不依靠别人，靠自己生活和发展,Tự lực,他大学毕业后开始自力更生。,,FALSE
bài 11,尖端,#NAME?,最先进、最前面的技术或水平,"đỉnh cao, đi đầu, tiên tiến, mũi nhọn",这是世界尖端技术之一。,,FALSE
bài 11,钻研,#NAME?,一直认真学习和研究,"nghiền ngẫm, tận tụy",他一直在钻研人工智能。,,FALSE
bài 11,动态,#NAME?,不断变化的情况,năng động,我们要关注市场动态。,,FALSE
bài 11,储存,#NAME?,把东西保存起来，需要时再拿出来,cửa hàng,照片都储存在电脑里。,,FALSE
bài 11,遥控,#NAME?,不用直接接触，在远处控制,điều khiển từ xa,他用遥控器打开了电视。,,FALSE
bài 11,即时,#NAME?,事情发生后马上就能看到、知道或使用,ngay lập tức,比赛结果会即时公布。,,FALSE
bài 12,白噪音,#NAME?,听起来平稳、没有明显变化的声音，能让人放松。,Tiếng ồn trắng,白噪音听起来像下雨声，让人容易睡觉。,,FALSE
bài 12,嘈杂,#NAME?,很多声音混在一起，很吵闹。,ồn ào,刚才教室里很嘈杂，我听不清你的话， 你再说一篇吧。,,FALSE
bài 12,莫名其妙,#NAME?,不知道是什么原因，让人觉得奇怪。,khó hiểu,他莫名其妙地笑了，我不知道为什么。,,FALSE
bài 12,淘汰,#NAME?,把不适合的、差的去掉。,không sử dụng,这种旧机器早该淘汰了。,,FALSE
bài 12,不妨,#NAME?,这样做没有问题，可以试试。,Tại sao không?,有困难的话，你不妨告诉我。,,FALSE
bài 12,描绘,#NAME?,用语言或笔画出来、描述人出来。,Mô tả,他用文字描绘了美丽的家乡。,,FALSE
bài 12,波浪,#NAME?,水面一起一伏流动的浪。,sóng,海上的波浪很大。,,FALSE
bài 12,岩石,#NAME?,很大很硬的石头。,đá,波浪拍打着岩石。,,FALSE
bài 12,抚摸,#NAME?,用手轻轻地摸。,vuốt ve,妈妈轻轻抚摸孩子的头。,,FALSE
bài 12,务必,#NAME?,一定要这样做。,hãy chắc chắn,明天务必准时参加会议。,,FALSE
bài 12,警惕,#NAME?,小心注意危险。,cảnh giác,开车时要提高警惕。,,FALSE
bài 12,解除,#NAME?,把原来的去掉或取消。,"Xóa bỏ, giải trừ",危险解除后，大家都放松了。,,FALSE
bài 12,暴露,#NAME?,把藏起来的东西露出来。,Phơi bày,他的秘密被暴露了。,,FALSE
bài 12,惹祸,#NAME?,引起麻烦或灾祸。,"Gây họa, rắc rối",小孩子不要惹祸。,,FALSE
bài 12,雌雄,#NAME?,雌性和雄性。,nam và nữ,这只鸟是雄的还是雌的？一决雌雄/高下,,FALSE
bài 12,祖先,#NAME?,很远的长辈， 最早的祖宗。,tổ tiên,我们的祖先很聪明。,,FALSE
bài 12,遗留,#NAME?,以前留下的东西。,để lại,这是历史遗留的问题。,,FALSE
bài 12,嘛,#NAME?,表示语气的词。,"(nói,...) đi mà ",你去嘛，我不去。,,FALSE
bài 12,延续,#NAME?,让它继续下去。,Tiếp tục,这种传统要延续下去。,,FALSE
bài 12,后代,#NAME?,后面的子孙。,hậu duệ,我们要为后代着想。,,FALSE
bài 12,呼唤,#NAME?,大声地叫。,gọi ,他在远处呼唤我的名字。,,FALSE
bài 12,不得已,#NAME?,没有别的办法，只能这样做。,đường cùng rồi,我不得已才放弃这个机会。,,FALSE
bài 12,竖,#NAME?,立起来、竖直。,thẳng đứng,请把手指竖起来。,,FALSE
bài 12,原始,#NAME?,最早、最开始的时候。,nguyên bản,原始社会没有手机。,,FALSE
bài 12,进化,#NAME?,慢慢发展、变化。,sự tiến hóa,人类是慢慢进化的。,,FALSE
bài 12,靠拢,#NAME?,向旁边或目标靠近。,tiến lại gần hơn,船慢慢靠拢岸边。,,FALSE
bài 12,神经,#NAME?,身体里控制感觉和思想的部分。,dây thần kinh,他太紧张，神经受不了。,,FALSE
bài 12,生物,#NAME?,有生命的东西。,sinh vật học,森林里有许多生物。,,FALSE
bài 12,配偶,#NAME?,丈夫或妻子。,vợ chồng,他们是合法配偶。,,FALSE
bài 12,世代,#NAME?,一代接一代。,các thế hệ,这个习惯世代相传。,,FALSE
bài 12,暗示,#NAME?,不直接说出来。,"ám thị, gợi ý",他用眼神暗示我。,,FALSE
bài 12,提示,#NAME?,提醒别人。,gợi ý,老师提示我注意时间。,,FALSE
bài 12,鉴于,#NAME?,因为、考虑到。,Được cho,鉴于天气不好，我们取消了活动。,,FALSE
bài 12,功效,#NAME?,实际能起到的作用。,tác dụng,这个药功效很好。,,FALSE
bài 12,理所当然,#NAME?,按道理就应该这样。,Tất nhiên rồi,孝顺父母是理所当然的。,,FALSE
bài 12,疾病,#NAME?,身体的病。,bệnh,他得了严重的疾病。,,FALSE
bài 12,患者,#NAME?,正在生病的人。,kiên nhẫn,医生正在治疗患者。,,FALSE
bài 12,辅助,#NAME?,从旁帮助。,Ủng hộ,我需要一些辅助工具。,,FALSE
bài 12,症状,#NAME?,生病时身体的表现。,triệu chứng,感冒的症状是发烧和咳嗽。,,FALSE
bài 12,愈,#NAME?,病好了、伤好了。,Chữa lành,他的病终于愈了。,,FALSE
bài 12,障碍,#NAME?,挡住前进的困难东西。,trở ngại,语言是学习的障碍。,,FALSE
bài 12,给予,#NAME?,给别人东西或帮助。,đưa cho,大自然给予我们很多礼物。,,FALSE
bài 13,变迁,#NAME?,时间慢慢发生的变化,thay đổi,社会的变迁很大。,,FALSE
bài 13,起初,#NAME?,刚开始的时候,lúc đầu,起初我不太习惯。,,FALSE
bài 13,迁徙,#NAME?,大群人或动物搬到别的地方住,Di cư,鸟类每年都会迁徙。,,FALSE
bài 13,侵犯 ,#NAME?,住在某个地方,Vi phạm,我居住在城市里。,,FALSE
bài 13,居住,#NAME?,住在某个地方,sống,我居住在城市里。,,FALSE
bài 13,纯粹,#NAME?,只有一种，没有别的混在一起,hoàn toàn,这是纯粹的牛奶。,,FALSE
bài 13,生存,#NAME?,活下去，维持生命,Tồn tại,人类需要干净的环境才能生存。,,FALSE
bài 13,便于,#NAME?,让某件事做起来更容易,dễ dàng,这个软件便于操作。,,FALSE
bài 13,习俗,#NAME?,一个地方长期形成的习惯和做法,phong tục,每个国家的习俗不一样。,,FALSE
bài 13,码头,#NAME?,船停靠上下货物和人的地方,cảng,船停在码头。,,FALSE
bài 13,主流,#NAME?,最主要的部分或趋势,chủ đạo,旅游已经成为主流。,,FALSE
bài 13,携带,#NAME?,随身带着东西,mang,请不要携带危险物品。,,FALSE
bài 13,序言,#NAME?,书前面介绍内容的文字,Lời tựa,我在序言中看到了作者的想法。,,FALSE
bài 13,繁华,#NAME?,人多、热闹、活动多,nhộn nhịp,上海是一个繁华的城市。,,FALSE
bài 13,犹如,#NAME?,好像、就像,Giống,他的笑容犹如阳光。,,FALSE
bài 13,宗旨,#NAME?,最主要的目的和原则,"tôn chỉ, mục đích cốt lõi",我们的宗旨是服务顾客。,,FALSE
bài 13,栏目,#NAME?,报纸、书或节目里的固定部分,"mục, phần (mục lục)",这个栏目很受欢迎。,,FALSE
bài 13,人性,#NAME?,人本来的感情和特点,bản chất con người,这个设计更人性化。,,FALSE
bài 13,卫星,#NAME?,围绕行星转动的天体,vệ tinh,卫星围绕地球转。,,FALSE
bài 13,导航,#NAME?,指引方向,điều hướng,手机有导航功能。,,FALSE
bài 13,向导,#NAME?,带领别人走路的人,Hướng dẫn,向导带我们爬山。,,FALSE
bài 13,一向,#NAME?,从过去到现在一直这样,Luôn luôn,他一向很努力。,,FALSE
bài 13,指南针,#NAME?,指示南北方向的工具,la bàn,古代人用指南针辨别方向。,,FALSE
bài 13,若干,#NAME?,一些，不确定数量,"một số, vài, một vài",我买了若干本书。,,FALSE
bài 13,遍布,#NAME?,到处都有，分布很广,Phổ biến,商店遍布全城。,,FALSE
bài 13,千方百计,#NAME?,想尽一切办法,bằng mọi cách,他千方百计帮助朋友。,,FALSE
bài 13,书籍,#NAME?,书的总称,sách,图书馆有很多书籍。,,FALSE
bài 13,问世,#NAME?,新书或新产品第一次出现,đi ra ngoài,这本书刚刚问世。,,FALSE
bài 13,一度,#NAME?,曾经有一段时间,một lần,我一度很喜欢画画。,,FALSE
bài 13,轰动,#NAME?,引起很多人注意和议论, gây chấn động,这条新闻引起轰动。,,FALSE
bài 13,趣味,#NAME?,让人感到有意思的地方,thú vị,这本书很有趣味。,,FALSE
bài 13,人士,#NAME?,在某个领域有一定身份的人,người,很多人士参加了会议。,,FALSE
bài 13,版本,#NAME?,同一本书或产品的不同形式,Phiên bản,这本书有两种版本。,,FALSE
bài 13,发行,#NAME?,把书、报纸等发给大众,đã phát hành,这本书已经发行了。,,FALSE
bài 13,事业,#NAME?,需要长期做的大事情或工作, sự nghiệp,教育是一项重要的事业。,,FALSE
bài 13,偏僻,#NAME?,离中心远，很安静或不方便的地方,xa,那个村子很偏僻。,,FALSE
bài 13,沿海,#NAME?,靠近海边的地区,ven biển,沿海城市发展很快。,,FALSE
bài 13,风土人情,#NAME?,一个地方的自然环境和人们的生活习惯,Phong tục địa phương,我喜欢了解当地的风土人情。,,FALSE
bài 13,宗教,#NAME?,信仰神或神的系统,tôn giáo,佛教是一种宗教。,,FALSE
bài 13,考古,#NAME?,研究古代留下的东西,khảo cổ học,他喜欢考古。,,FALSE
bài 13,经费,#NAME?,做事情需要的钱,Tài trợ,项目经费不够。,,FALSE
bài 13,预算,#NAME?,提前计算要花多少钱,Ngân sách,做好预算很重要。,,FALSE
bài 13,参谋,#NAME?,帮助别人出主意的人,cố vấn,他给我当参谋。,,FALSE
bài 13,繁体字,#NAME?,笔画比较多的汉字,Chữ Hán truyền thống,台湾常用繁体字。,,FALSE
bài 13,简体字,#NAME?,笔画比较少的汉字,Tiếng Trung giản thể,大陆使用简体字。,,FALSE
bài 13,租赁,#NAME?,付钱借用别人的东西（如房子、车）,cho thuê,我租赁了一辆汽车。,,FALSE
bài 13,帐篷,#NAME?,用布或塑料做的临时小房子,lều,我们在山上搭了帐篷。,,FALSE
bài 13,振兴,#NAME?,让衰落的东西重新发展起来,Sự hồi sinh,政府努力振兴旅游业。,,FALSE
bài 13,产业,#NAME?,生产或经济活动的行业,ngành công nghiệp,旅游是重要产业。,,FALSE
bài 13,家常便饭,#NAME?,每天都会发生、很平常的事,Bữa ăn tự nấu tại nhà,对他来说，加班是家常便饭。,,FALSE
bài 14,北极,#NAME?,地球最北边的地区，很冷。,Bắc Cực,北极的冬天非常寒冷，人们需要穿很厚的衣服。,,FALSE
bài 14,评论,#NAME?,对事情发表自己的看法。,Bình luận,老师让我们对这篇文章进行评论。,,FALSE
bài 14,典型,#NAME?,具有代表性的人或事物。,đặc trưng,他是我见过的最典型的知识分子。,,FALSE
bài 14,考察,#NAME?,到现场去调查研究。,Cuộc điều tra,科学家们去北极考察环境变化。,,FALSE
bài 14,访问,#NAME?,去别人那里看望或交流。,truy cập,我们学校经常有外国客人来访问。,,FALSE
bài 14,高峰,#NAME?,最高点，事业或数量最多的时期。,đỉnh cao,他现在正处于事业的高峰。,,FALSE
bài 14,毅然,#NAME?,坚决地、毫不犹豫地做决定。,Kiên quyết,她毅然辞去了高薪的工作。,,FALSE
bài 14,疲惫,#NAME?,身体和精神都很累。,kiệt sức,连续工作几天后，他感到非常疲惫。,,FALSE
bài 14,力所能及,#NAME?,自己能力可以做到的范围。,Trong phạm vi khả năng của mỗi người,我只能做一些力所能及的事情帮你。,,FALSE
bài 14,开拓,#NAME?,开辟新的领域或道路。,mở ra,公司决定开拓海外市场。,,FALSE
bài 14,职务,#NAME?,工作中的职位、责任。,Công việc,他目前担任公司经理的职务。,,FALSE
bài 14,捆绑,#NAME?,用绳子绑住，也指被束缚住。,sự trói buộc,他感觉被工作和家庭捆绑着，无法自由。,,FALSE
bài 14,释放,#NAME?,把被束缚的东西放开、解脱。,giải phóng,辞职以后，他觉得自己被释放了，一身轻松。,,FALSE
bài 14,出身,#NAME?,家庭或早年的背景情况。,nguồn gốc,她出身于农民家庭，从小生活很艰苦。,,FALSE
bài 14,严寒,#NAME?,非常冷的天气。,lạnh giá khắc nghiệt,北极的严寒让很多人无法忍受。,,FALSE
bài 14,难以,#NAME?,很难做到或很难发生。,khó ,这么大的困难让人难以想象。,,FALSE
bài 14,头脑,#NAME?,思考的能力或清醒的意识。,tâm trí,遇到紧急情况一定要保持清醒的头脑。,,FALSE
bài 14,遭遇,#NAME?,遇到不好的事情。,bắt gặp,他在旅途中遭遇了严重的车祸。,,FALSE
bài 14,灾难,#NAME?,非常严重的灾害或不幸。,thảm họa,这场地震给当地人民带来了巨大灾难。,,FALSE
bài 14,饥饿,#NAME?,肚子很饿、缺少食物。,đói,在灾区，很多孩子仍然忍受着饥饿。,,FALSE
bài 14,风暴,#NAME?,强烈的风和雨的天气现象。,bão,船在海上遇到了猛烈的风暴。,,FALSE
bài 14,鼓动,#NAME?,激发别人去做某事。,cổ động,他的演讲鼓动很多人参加了这次活动。,,FALSE
bài 14,抢救,#NAME?,紧急救护生命或物品。,giải thoát,医生们正在全力抢救受伤的病人。,,FALSE
bài 14,刻不容缓,#NAME?,非常紧急，一刻也不能耽误。,Không còn thời gian để lãng phí,救灾工作刻不容缓，必须立即行动。,,FALSE
bài 14,支出,#NAME?,花出去的钱。,chi tiêu,这个项目的支出比原来预计的要多。,,FALSE
bài 14,精打细算,#NAME?,仔细计算每一笔花费。,tiết kiệm,她生活上一直精打细算，从不浪费。,,FALSE
bài 14,开支,#NAME?,花钱的总数。,lập kế hoạch chi tiêu,每个月家庭开支都需要认真记录。,,FALSE
bài 14,免得,#NAME?,为了避免发生不好的情况。,e rằng,早点出发，免得路上堵车迟到。,,FALSE
bài 14,储蓄,#NAME?,存起来的钱。,Tiết kiệm,他把多年的储蓄都用来买房子了。,,FALSE
bài 14,记载,#NAME?,把事情写下来记录。,Hồ sơ,这本书详细记载了北极的历史。,,FALSE
bài 14,惊奇,#NAME?,感到很吃惊和奇怪。,Sự ngạc nhiên,看到现代的北极，他感到非常惊奇。,,FALSE
bài 14,差别,#NAME?,两者之间的不同之处。,sự khác biệt,现实情况和书本描述有很大差别。,,FALSE
bài 14,连锁,#NAME?,一环接一环、连续的反应。,"chuỗi, xích, mạng lưới",一个问题可能会引发连锁反应。,,FALSE
bài 14,在意,#NAME?,放在心上、关心注意。,chăm sóc,不要太在意别人对你的评价。,,FALSE
bài 14,捕捉,#NAME?,抓住、拍下来。,Chiếm lấy,摄影师捕捉到了北极熊的精彩画面。,,FALSE
bài 14,支配,#NAME?,控制和安排。,Thống trị,我们要学会支配自己的时间和生活。,,FALSE
bài 14,包装,#NAME?,把东西包起来。,Bưu kiện,这个礼物包装得很漂亮。,,FALSE
bài 14,衣裳,#NAME?,衣服。,quần áo,她今天穿了一件漂亮的衣裳。,,FALSE
bài 14,潇洒,#NAME?,自然、大方、很帅气。,hào hoa,他穿上西装显得很潇洒。,,FALSE
bài 14,本能,#NAME?,天生就会的能力。,bản năng,游泳是小鸭子的本能。,,FALSE
bài 14,冲动,#NAME?,突然想做某事，控制不住。,bốc đồng,年轻人做事容易冲动。,,FALSE
bài 14,相差,#NAME?,两者之间有距离、不一样。,sự khác biệt,他的实际成绩和预期目标相差很大。,,FALSE
bài 14,时常,#NAME?,经常发生。,thường,他时常给父母打电话问候。,,FALSE
bài 14,穿越,#NAME?,从一边走到另一边。,Du hành thời gian,这条铁路穿越了草原和沙漠。,,FALSE
bài 14,专题,#NAME?,专门的主题或研究内容。,Chủ đề đặc biệt,学校举办了一个关于北极的专题讲座。,,FALSE
bài 14,赤道,#NAME?,地球上最中间的纬线。,xích đạo,赤道附近全年气温都很高。,,FALSE
bài 14,执着,#NAME?,坚持、不放弃。,Sự kiên trì,他以执着的精神完成了这项艰难的任务。,,FALSE
bài 14,将就,#NAME?,勉强凑合着用。,Hơn,条件有限，我们就先将就一下吧。,,FALSE
bài 14,古董,#NAME?,年代很久远的物品。,đồ cổ,这个瓷器是一件珍贵的古董。,,FALSE
bài 14,腹泻,#NAME?,拉肚子。,tiêu chảy,他吃了不卫生的食物，腹泻了。,,FALSE
bài 14,察,#NAME?,仔细看、调查。,Quan sát,他很会察言观色，能看出别人的心思。,,FALSE
bài 14,毅,#NAME?,坚强、有毅力。,Yi,学习外语需要有毅力才能坚持下去。,,FALSE
bài 14,拓,#NAME?,开辟、扩展。,Tuo,他们正在开拓新的业务领域。,,FALSE
bài 14,饥,#NAME?,饿、缺少食物。,đói bụng,饥饿是很多贫困地区面临的问题。,,FALSE
bài 14,记,#NAME?,写下来、记住。,nhớ,请把重要信息记录下来。,,FALSE
bài 14,严,#NAME?,严格、很厉害。,nghiêm ngặt,这里的冬天严寒难耐。,,FALSE
bài 14,竟,#NAME?,出乎意料。,Thực ra,他竟然考了第一名，真让人意外。,,FALSE
bài 14,冲,#NAME?,猛烈向前、冲击。,cây bấc,海浪不停地冲击着海岸。,,FALSE
bài 15,雕刻,#NAME?,在木头、石头等材料上刻出图案或形状,khắc,他擅长雕刻木头。,,FALSE
bài 15,干旱,#NAME?,长时间不下雨，缺少水分,hạn hán,这几年北方连续干旱，给农业生产造成很大损失。,,FALSE
bài 15,耕地,#NAME?,种庄稼的土地,đất canh tác,这几年，耕地面积不但没有扩大，反而减少了。,,FALSE
bài 15,庄稼,#NAME?,农民种植的农作物,cây trồng,今年春天雨水充足，庄稼长得很旺盛。,,FALSE
bài 15,盘旋,#NAME?,绕着飞或绕着走,lơ lửng,一只雄鹰在草原上空盘旋。,,FALSE
bài 15,时而,#NAME?,一会儿……一会儿……,Thỉnh thoảng,小燕子时而掠过水面，时而飞上天空。,,FALSE
bài 15,海拔,#NAME?,高出海平面的高度,độ cao,青藏高原是地球上海拔最高的高原。,,FALSE
bài 15,枯萎,#NAME?,植物因缺水而干死,héo úa,荒地上是一片枯萎的野草。,,FALSE
bài 15,牲畜,#NAME?,牛、马、羊等家养动物,gia súc,在雪灾天气里，有的牲畜竟然出现了冻死现象。,,FALSE
bài 15,壮丽,#NAME?,雄伟而美丽,tuyệt vời,我终于登上了雄伟壮丽的长城。,,FALSE
bài 15,依旧,#NAME?,还是原来的样子,vẫn,他们每天过着粗茶淡饭的日子，可依旧很开心。,,FALSE
bài 15,铺,#NAME?,把东西展开、放平,cửa hàng,小时候，每天晚上都是母亲为我铺床。,,FALSE
bài 15,卷,#NAME?,把东西弯起来或包起来,cuộn,不知不觉中，我们竟然卷入了他们的斗争中。,,FALSE
bài 15,蔚蓝,#NAME?,深蓝色,Azure,夏天，蔚蓝色的天空中飘着朵朵白云。,,FALSE
bài 15,漂浮,#NAME?,在空中或水面上移动,trôi nổi,你时而离我很近，时而离我很远，就像云一样漂浮不定。,,FALSE
bài 15,摇摆,#NAME?,来回摆动,xích đu,花儿在风中摇摆，倾听着风的旋律。,,FALSE
bài 15,毅力,#NAME?,坚持到底的精神,sẽ,只要有毅力，就没有克服不了的困难。,,FALSE
bài 15,杰出,#NAME?,特别优秀,Nổi bật,陈景润在数学研究上取得了杰出的成就。,,FALSE
bài 15,震撼,#NAME?,受到很大的震动,Sốc,这部电影具有震撼人心的艺术力量。,,FALSE
bài 15,宫殿,#NAME?,皇帝居住的建筑,cung điện,北京故宫是一个富丽堂皇的大宫殿。,,FALSE
bài 15,不禁,#NAME?,忍不住,Không thể,看着这些幸福的孩子，我不禁想起了自己的童年。,,FALSE
bài 15,生态,#NAME?,生物和环境之间的关系,Sinh thái học,我们要爱护自然环境，保持生态平衡。,,FALSE
bài 15,审美,#NAME?,欣赏美和判断美,Thẩm mỹ,他的审美很好，穿衣风格很时尚。,,FALSE
bài 15,罕见,#NAME?,很少见到,hiếm,今年气候异常，非洲发生了罕见的洪灾。,,FALSE
bài 15,珍稀,#NAME?,珍贵而稀少,Hiếm,国家设置了许多自然保护区，保护珍稀野生动植物。,,FALSE
bài 15,陶醉,#NAME?,沉浸在美好的感觉中,vui chơi,春天的西湖风景如画，令人陶醉。,,FALSE
bài 15,遗产,#NAME?,祖先留下来的财富或文化,di sản,几千年来，祖先为我们遗留下许多宝贵的文化遗产。,,FALSE
bài 15,拥有,#NAME?,有、具备,có,很多东西可以证明我们人类拥有惊人的创造精神。,,FALSE
bài 15,衬托,#NAME?,使某物更加突出,khởi hành,红旗在蓝天的衬托下显得分外鲜艳。,,FALSE
bài 15,纵横,#NAME?,横着竖着交错分布,Nằm ngang,东部地区交通发达，公路铁路纵横交错。,,FALSE
bài 15,汹涌,#NAME?,水势很大、很急,hỗn loạn,轮船在汹涌的海上缓慢地前进。,,FALSE
bài 15,目睹,#NAME?,亲眼看到,nhân chứng,我当时在场，目睹了事情的经过。,,FALSE
bài 15,重叠,#NAME?,一层压着一层,chồng chéo,这两个项目的内容有一些重叠。,,FALSE
bài 15,雕塑,#NAME?,用泥土、石头等做成立体形象,điêu khắc,这些雕塑的形象十分逼真。,,FALSE
bài 15,采集,#NAME?,收集,bộ sưu tập,秋天，老师带我们上山采集植物标本。,,FALSE
bài 15,种子,#NAME?,植物生长的新生命,hạt giống,春天，农民把种子撒在田里，等待秋天的收获。,,FALSE
bài 15,稻谷,#NAME?,成熟的水稻,lúa,秋天，田里的稻谷像一片片金色的海洋。,,FALSE
bài 15,阻拦,#NAME?,阻止别人做某事,dừng lại,你既然一定要去，我也不便阻拦。,,FALSE
bài 15,开辟,#NAME?,开创、开拓,mở ra,我们又开辟了一条上山的新路线。,,FALSE
bài 15,心血,#NAME?,花费的精力和感情,Tâm hồn,为了完成这部著作，他花费了一生的心血。,,FALSE
bài 15,辛勤,#NAME?,勤劳努力,công việc chăm chỉ,农民用辛勤的汗水换来了丰收的果实。,,FALSE
bài 15,锲而不舍,#NAME?,一直坚持，不放弃,Sự kiên trì,在学习上就是应该有锲而不舍的精神。,,FALSE
bài 16,鉴别,#NAME?,识别真假或好坏,Nhận dạng,他很会鉴别真假古董。,,FALSE
bài 16,评估,#NAME?,对事物进行评价和估算,Đánh giá,专家正在评估这个项目的风险。,,FALSE
bài 16,队伍,#NAME?,有组织的一群人,Đội,救援队伍很快就到达了现场。,,FALSE
bài 16,严峻,#NAME?,情况很严重、很紧张,nghiêm trọng,当前的就业形势十分严峻。,,FALSE
bài 16,濒临,#NAME?,快要接近某种不好的状态,Sắp sửa,这种动物已经濒临灭绝。,,FALSE
bài 16,权威,#NAME?,最有说服力、最让人信服的,thẩm quyền,他在学术界很有权威。,,FALSE
bài 16,号召,#NAME?,公开呼吁大家做某事,Lời kêu gọi hành động,老师号召同学们积极参加活动。,,FALSE
bài 16,证实,#NAME?,证明事情是真的,Đã xác nhận,实验结果证实了这个理论。,,FALSE
bài 16,成效,#NAME?,取得的效果或成果,Kết quả,他的努力终于取得了显著成效。,,FALSE
bài 16,显著,#NAME?,非常明显、突出,Có ý nghĩa,今年公司的业绩有了显著提高。,,FALSE
bài 16,用户,#NAME?,使用某种产品或服务的人,người dùng,这款软件的用户越来越多。,,FALSE
bài 16,浓厚,#NAME?,程度很深、很浓,mạnh,他对摄影有着浓厚的兴趣。,,FALSE
bài 16,统计,#NAME?,对数量或情况进行计算统计,thống kê,请统计一下参加会议的人数。,,FALSE
bài 16,足以,#NAME?,完全可以、足够,hợp lý,这些证据足以证明他的清白。,,FALSE
bài 16,心甘情愿,#NAME?,完全自愿、心里很愿意,Sẵn sàng,他心甘情愿地帮助别人。,,FALSE
bài 16,支撑,#NAME?,支撑住、支持,ủng hộ,家庭的爱是支撑他前进的力量。,,FALSE
bài 16,畅销,#NAME?,卖得很好、很受欢迎,Bán chạy nhất,这本书非常畅销。,,FALSE
bài 16,报酬,#NAME?,得到的回报或酬劳,tiền lương,他的工作报酬很高。,,FALSE
bài 16,童话,#NAME?,儿童故事、幻想故事,truyện cổ tích,小时候妈妈常给我讲童话故事。,,FALSE
bài 16,课题,#NAME?,需要研究解决的问题,Chủ đề nghiên cứu,保护环境是一个重要的课题。,,FALSE
bài 16,立体,#NAME?,有三维空间感的、立体的,3D,这幅画看起来很有立体感。,,FALSE
bài 16,还原,#NAME?,恢复原来的样子,sự giảm bớt,他把历史事件完美地还原了。,,FALSE
bài 16,名副其实,#NAME?,名实相符、真正的,Hoàn toàn xứng đáng với tên gọi của nó.,他是个名副其实的摄影大师。,,FALSE
bài 16,高超,#NAME?,水平很高、超出一般,tuyệt vời,他的摄影技术非常高超。,,FALSE
bài 16,素质,#NAME?,个人具备的素养和能力,chất lượng,良好的心理素质很重要。,,FALSE
bài 16,野生,#NAME?,在自然环境中生长的,hoang dã,这里有很多野生动物。,,FALSE
bài 16,压抑,#NAME?,心里不舒服、被压住的感觉,Sự đàn áp,会场的气氛有些压抑。,,FALSE
bài 16,完毕,#NAME?,做完、完成,hoàn thành,工作完毕后他终于可以休息了。,,FALSE
bài 16,瞪,#NAME?,用力睁大眼睛看,nhìn chằm chằm,他瞪了我一眼。,,FALSE
bài 16,注视,#NAME?,集中注意力看、盯着看,ánh nhìn,他一直注视着远方的雪山。,,FALSE
bài 16,斑,#NAME?,颜色不同的斑点或花纹,điểm,雪豹身上有美丽的斑纹。,,FALSE
bài 16,致力,#NAME?,全力投入去做某事,Tận tụy,他一生都致力于野生动物保护。,,FALSE
bài 16,领袖,#NAME?,带领别人的人、领导者,lãnh đạo,徐健是这支队伍的领袖。,,FALSE
bài 16,辨认,#NAME?,辨别和认出,nhận dạng,我很难辨认出照片里的人。,,FALSE
bài 16,现状,#NAME?,目前的情况,hiện trạng,我们必须面对当前的现状。,,FALSE
bài 16,识别,#NAME?,辨别和认出,Nhận dạng,警察很快识别出了嫌疑人。,,FALSE
bài 16,来历,#NAME?,事情的来源和经过,nguồn gốc,你知道这件事情的来历吗？,,FALSE
bài 16,苦涩,#NAME?,又苦又涩的味道，心里难受,vị đắng,他的脸上露出苦涩的笑容。,,FALSE
bài 16,指望,#NAME?,盼望、依靠,Mong,别指望别人帮你，一切要靠自己。,,FALSE
bài 16,空白,#NAME?,空缺、空无一物的部分,trống,他的大脑一片空白，什么也想不起来。,,FALSE
bài 16,琢磨,#NAME?,反复思考、仔细琢磨,suy ngẫm,这个问题我需要好好琢磨一下。,,FALSE
bài 16,昼夜,#NAME?,白天和黑夜,ngày và đêm,他昼夜不停地工作。,,FALSE
bài 16,奔波,#NAME?,到处奔走忙碌,Bận,他整天为生计奔波。,,FALSE
bài 16,渴望,#NAME?,非常希望、强烈想要,háo hức,孩子们都渴望得到父母的陪伴。,,FALSE
bài 17,场面,#NAME?,指某个场景或情况（多用于热闹、特殊或战斗等场面）,bối cảnh,战斗场面非常激烈，大家都紧张地看着。,,FALSE
bài 17,端,#NAME?,用双手平端东西（如端盘子、端饭）,kết thúc,服务员端着盘子走过来。,,FALSE
bài 17,盛,#NAME?,往碗里或盘子里装饭、汤、菜等,Sheng,妈妈给我盛了一碗汤。,,FALSE
bài 17,东张西望,#NAME?,到处张望、左顾右盼（常表示好奇或警惕）,Nhìn xung quanh,小偷在街上东张西望。,,FALSE
bài 17,企图,#NAME?,试图做某事（常含贬义，指不好的打算）,nỗ lực,他企图偷钱包，被警察抓住了。,,FALSE
bài 17,动手,#NAME?,开始动手做某事，或动手打人,Hãy hành động,我动手打苍蝇，却没打中。,,FALSE
bài 17,纳闷儿,#NAME?,心里疑惑、觉得奇怪、不明白原因,Bối rối,我一直纳闷儿，他为什么突然不联系我了。,,FALSE
bài 17,能量,#NAME?,能量（物理或生物体所需的力量）,năng lượng,运动员需要很多能量才能跑完马拉松。,,FALSE
bài 17,论证,#NAME?,用理由证明某个观点或结论,Lý lẽ,科学家正在论证这个新理论。,,FALSE
bài 17,筛选,#NAME?,仔细挑选、过滤（从很多中选出好的）,lọc,公司对简历进行了严格筛选。,,FALSE
bài 17,标记,#NAME?,做记号、标注出来,đánh dấu,在地图上标记一下我们的位置。,,FALSE
bài 17,名次,#NAME?,排名、名次顺序,Thứ hạng,他在班里考试名次很高。,,FALSE
bài 17,感慨,#NAME?,有感而发、深有感触地叹息,Cảm giác,看到家乡的变化，他感慨万千。,,FALSE
bài 17,渺小,#NAME?,非常微小、微不足道（与宏大对比）,Không đáng kể,在宇宙面前，人类显得非常渺小。,,FALSE
bài 17,姑且,#NAME?,暂且、暂时这样（有让步、勉强之意）,tạm thời,你姑且先试试这个办法吧。,,FALSE
bài 17,文雅,#NAME?,优雅、文雅、有文化气质,thanh lịch,她的举止非常文雅。,,FALSE
bài 17,犬,#NAME?,狗的文雅说法,chó,我们姑且用“犬”这个文雅的称呼。,,FALSE
bài 17,系列,#NAME?,一系列、成套的,loạt,这家公司推出了一系列新产品。,,FALSE
bài 17,推论,#NAME?,根据已知推断出结论,suy luận,科学家推论这个结果与新陈代谢有关。,,FALSE
bài 17,本身,#NAME?,自身、它自己,chính nó,这个问题要从事情本身去找原因。,,FALSE
bài 17,新陈代谢,#NAME?,新陈代谢（生物体更新替换的过程）,Chuyển hóa,年轻人新陈代谢比较快。,,FALSE
bài 17,跳跃,#NAME?,跳起来、跳跃动作,nhảy,猫一下子跳跃起来抓住了苍蝇。,,FALSE
bài 17,瞄准,#NAME?,对准目标看准,mục tiêu,他瞄准目标后才射击。,,FALSE
bài 17,鸽子,#NAME?,鸽子,Chim bồ câu,广场上有很多鸽子。,,FALSE
bài 17,视线,#NAME?,视线、目光所能看到的地方,tầm nhìn,大树挡住了我的视线。,,FALSE
bài 17,周边,#NAME?,周围、附近地区,Khu vực xung quanh,上海周边有很多旅游景点。,,FALSE
bài 17,颤抖,#NAME?,发抖、颤抖（因冷、怕或激动）,Run rẩy,她冷得全身颤抖。,,FALSE
bài 17,确切,#NAME?,准确、确切、明确,chính xác,请告诉我确切的时间。,,FALSE
bài 17,迟钝,#NAME?,反应慢、不灵敏,chậm,他年纪大了，反应有点迟钝。,,FALSE
bài 17,庞大,#NAME?,非常巨大、庞大,to lớn,这个工程的规模非常庞大。,,FALSE
bài 17,笨拙,#NAME?,动作不灵活、笨拙,hậu đậu,小熊走起路来很笨拙。,,FALSE
bài 17,比方,#NAME?,比如、例如,Ví dụ,我喜欢很多运动，比方说足球、篮球。,,FALSE
bài 17,间隔,#NAME?,间隔、距离,khoảng thời gian,两次会议之间间隔了一个月。,,FALSE
bài 17,闪烁,#NAME?,闪烁、忽明忽暗地闪,nhấp nháy,星星在夜空中闪烁。,,FALSE
bài 17,视力,#NAME?,视力、眼睛看东西的能力,tầm nhìn,他的视力越来越差了。,,FALSE
bài 17,攻击,#NAME?,攻击、进攻,tấn công,那个国家攻击了邻国。,,FALSE
bài 17,势必,#NAME?,必然会、一定会（多用于推断结果）,Không thể tránh khỏi,不努力学习，势必会落后。,,FALSE
bài 17,博大精深,#NAME?,博大精深、内容丰富深刻,Sâu,中国文化博大精深。,,FALSE
bài 17,深奥,#NAME?,深奥、难以理解,sâu,这个问题太深奥了，我听不懂。,,FALSE
bài 17,无能为力,#NAME?,无能为力、没有办法,bất lực,面对这种情况，我感到无能为力。,,FALSE
bài 17,实惠,#NAME?,实惠、真正的好处、划算,Có thể chi trả,这件衣服既漂亮又实惠。,,FALSE
bài 17,个体,#NAME?,个体、单个的人或生物,cá nhân,每个个体的情况都不一样。,,FALSE
bài 17,焦急,#NAME?,焦急、非常着急,lo lắng,孩子还没回来，妈妈非常焦急。,,FALSE
bài 18,神奇,#NAME?,很神奇、令人惊叹,ảo thuật,大自然太神奇了。,,FALSE
bài 18,丝瓜,#NAME?,一种常见的瓜类蔬菜,xơ mướp,妈妈今天买了两个丝瓜。,,FALSE
bài 18,随即,#NAME?,紧接着、马上,ngay lập tức,他说完就随即离开了。,,FALSE
bài 18,株,#NAME?,植物的计数单位,sự căng thẳng,这株丝瓜长得特别快。,,FALSE
bài 18,粒,#NAME?,细小颗粒的计数单位,ngũ cốc,碗里只剩几粒米了。,,FALSE
bài 18,土壤,#NAME?,土地、泥土,đất,这块土壤很适合种菜。,,FALSE
bài 18,肥沃,#NAME?,土地肥沃、养分充足,màu mỡ,东北的黑土非常肥沃。,,FALSE
bài 18,滋润,#NAME?,提供水分使植物生长,Dưỡng ẩm,雨水滋润着年轻的树苗。,,FALSE
bài 18,照耀,#NAME?,光线照射,Tỏa sáng,阳光照耀着大地。,,FALSE
bài 18,惊讶,#NAME?,感到吃惊,sự ngạc nhiên,我惊讶地发现丝瓜长得这么快。,,FALSE
bài 18,愣,#NAME?,发呆、一下子反应不过来,choáng váng,他被这个问题问愣了。,,FALSE
bài 18,拔苗助长,#NAME?,拔苗助长（违背自然规律）,Giúp cây con phát triển bằng cách nhổ chúng lên.,不能拔苗助长，要顺其自然。,,FALSE
bài 18,宁愿,#NAME?,宁可、情愿,thà,我宁愿自己辛苦也不麻烦别人。,,FALSE
bài 18,疲倦,#NAME?,身体疲劳,mệt,工作了一天，他感到很疲倦。,,FALSE
bài 18,茎,#NAME?,植物的茎,thân cây,丝瓜的茎爬上了墙。,,FALSE
bài 18,幢,#NAME?,楼房计数单位,Xây dựng,我们住在这幢楼的第三层。,,FALSE
bài 18,陡峭,#NAME?,山势或墙壁很陡,dốc,这座山非常陡峭。,,FALSE
bài 18,挺拔,#NAME?,直而高壮,cao và thẳng,那棵松树长得挺拔有力。,,FALSE
bài 18,茂盛,#NAME?,植物长得茂密旺盛,tươi tốt,花园里的花草非常茂盛。,,FALSE
bài 18,覆盖,#NAME?,盖住、遮住表面,che phủ,绿叶覆盖了整个墙面。,,FALSE
bài 18,水泥,#NAME?,建筑材料,xi măng,这个房子是用水泥建的。,,FALSE
bài 18,生机,#NAME?,生命力、活力,sức sống,春天万物充满生机。,,FALSE
bài 18,花瓣,#NAME?,花的花瓣,cánh hoa,黄色的花瓣非常漂亮。,,FALSE
bài 18,点缀,#NAME?,加以装饰、美化,trang trí,红花点缀在绿叶之间。,,FALSE
bài 18,协调,#NAME?,配合得当、和谐,phối hợp,两种颜色搭配得很协调。,,FALSE
bài 18,柔和,#NAME?,温和、不强烈,mềm mại,她的声音柔和好听。,,FALSE
bài 18,分量,#NAME?,重量,Số lượng,这个瓜的分量不轻。,,FALSE
bài 18,朝气蓬勃,#NAME?,充满活力、生气勃勃,mãnh liệt,孩子们朝气蓬勃的样子真好。,,FALSE
bài 18,悬挂,#NAME?,挂在空中,đình chỉ,丝瓜悬挂在空中。,,FALSE
bài 18,负担,#NAME?,承受重量、责任,gánh nặng,这根细茎负担不起大瓜的重量。,,FALSE
bài 18,坠,#NAME?,向下掉落,ngã,苹果从树上坠落下来。,,FALSE
bài 18,沉重,#NAME?,沉重、有压力,nặng,这个消息给他带来沉重的打击。,,FALSE
bài 18,节制,#NAME?,控制、节制,điều khiển,玩游戏要有节制。,,FALSE
bài 18,辫子,#NAME?,编好的头发,bím tóc,她扎着两条长辫子。,,FALSE
bài 18,臂,#NAME?,胳膊,cánh tay,他的臂力很大。,,FALSE
bài 18,呵,#NAME?,呼气,Ồ,冬天呵气都是白色的。,,FALSE
bài 18,与日俱增,#NAME?,一天天增加,tăng lên từng ngày,他的压力与日俱增。,,FALSE
bài 18,梢,#NAME?,末端、顶端,Mẹo,鸟停在树梢上。,,FALSE
bài 18,垂直,#NAME?,垂直方向,thẳng đứng,电线垂直地挂着。,,FALSE
bài 18,吊,#NAME?,悬空挂着,Treo,那个瓜垂直地吊在空中。,,FALSE
bài 18,晃,#NAME?,摇晃、摆动,lắc,风铃在风中晃来晃去。,,FALSE
bài 18,断定,#NAME?,肯定判断,Quyết tâm,我断定他会成功。,,FALSE
bài 18,凹凸,#NAME?,高低不平,Lõm và lồi,路面凹凸不平。,,FALSE
bài 18,修建,#NAME?,建造,Sự thi công,他们正在修建新楼。,,FALSE
bài 18,不可思议,#NAME?,难以想象,Đáng kinh ngạc,这个魔术太不可思议了。,,FALSE
bài 18,徘徊,#NAME?,来回走动、犹豫,đi lang thang,他一直在门口徘徊。,,FALSE
bài 18,一如既往,#NAME?,和以前一样,như mọi khi,他还是一如既往地努力学习。,,FALSE
bài 19,样品,#NAME?,拿来做样子的东西,vật mẫu,这部手机只是样品，不能卖。,,FALSE
bài 19,刺,#NAME?,用尖东西扎人,đâm,小心别被蜜蜂刺到。,,FALSE
bài 19,气味,#NAME?,鼻子闻到的味道,mùi,这房间有很难闻的气味。,,FALSE
bài 19,恍然大悟,#NAME?,突然明白了,Đột nhiên nhận ra,听了他的解释，我恍然大悟。,,FALSE
bài 19,进而,#NAME?,再进一步,và sau đó,先学好基础知识，进而才能创新。,,FALSE
bài 19,分裂,#NAME?,分开裂开,Tách ra,细胞分裂后才能生长。,,FALSE
bài 19,渗透,#NAME?,慢慢渗进去,sự thâm nhập,雨水慢慢渗透到土壤里。,,FALSE
bài 19,定义,#NAME?,给东西下定义,sự định nghĩa,字典给“幸福”下了定义。,,FALSE
bài 19,潜水,#NAME?,潜到水下面,lặn,他周末喜欢去潜水。,,FALSE
bài 19,繁殖,#NAME?,生小宝宝,Sự sinh sản,这些细菌繁殖得很快。,,FALSE
bài 19,场所,#NAME?,活动的地方,địa điểm,图书馆是学习的好场所。,,FALSE
bài 19,古怪,#NAME?,很奇怪,lập dị,这个人的性格很古怪。,,FALSE
bài 19,贝壳,#NAME?,贝的硬壳,vỏ bọc,海边有很多漂亮的贝壳。,,FALSE
bài 19,诧异,#NAME?,觉得很奇怪,Ngạc nhiên,我对他的行为感到诧异。,,FALSE
bài 19,细菌,#NAME?,很小的细菌,vi khuẩn,要经常洗手防止细菌。,,FALSE
bài 19,过滤,#NAME?,把脏东西滤掉,lọc,这个水要过滤后再喝。,,FALSE
bài 19,来源,#NAME?,东西从哪里来,nguồn,这条消息的来源不明。,,FALSE
bài 19,合成,#NAME?,合在一起做新东西,tổng hợp,这两种材料可以合成新产品。,,FALSE
bài 19,解放,#NAME?,解除束缚,giải phóng,1949年解放了全中国。,,FALSE
bài 19,迈,#NAME?,往前走一步,Mai,迈开大步向前走。,,FALSE
bài 19,探索,#NAME?,去找答案,khám phá,科学家正在探索宇宙的秘密。,,FALSE
bài 19,据悉,#NAME?,根据听到的消息,"Theo các nguồn tin,",据悉台风明天会来。,,FALSE
bài 19,忍受,#NAME?,忍住不舒服,Con gấu,他忍受不了这种痛苦。,,FALSE
bài 19,超越,#NAME?,超过别人,Vượt ra,他的成绩已经超越了别人。,,FALSE
bài 19,摄氏度,#NAME?,温度的单位,Độ C,今天气温高达38摄氏度。,,FALSE
bài 19,丧失,#NAME?,失去东西,sự mất mát,他因为粗心丧失了机会。,,FALSE
bài 19,偏偏,#NAME?,偏偏不听话,Nhưng,大家都劝他别去，他偏偏要去。,,FALSE
bài 19,真相,#NAME?,真实的情况,sự thật,我们要查清事情的真相。,,FALSE
bài 19,华丽,#NAME?,很漂亮,lộng lẫy,这件衣服穿起来很华丽。,,FALSE
bài 19,阵容,#NAME?,队伍的配置,đội hình,我们队的阵容很强大。,,FALSE
bài 19,有条不紊,#NAME?,做事很有条理,có phương pháp,他做事一直有条不紊。,,FALSE
bài 19,展现,#NAME?,表现出来,Trình diễn,他的才能终于展现出来了。,,FALSE
bài 19,丛,#NAME?,一堆长在一起,Quốc hội,山上有一丛野花。,,FALSE
bài 19,体积,#NAME?,东西的大小,âm lượng,这个箱子的体积很大。,,FALSE
bài 19,造型,#NAME?,东西的样子,mô hình hóa,这个雕塑的造型很特别。,,FALSE
bài 19,迷惑,#NAME?,搞不清楚,bối rối,我对这个问题感到迷惑。,,FALSE
bài 19,奇妙,#NAME?,很奇妙,tuyệt vời,海底世界非常奇妙。,,FALSE
bài 19,广阔,#NAME?,很大很宽,rộng,这片草原非常广阔。,,FALSE
bài 19,基地,#NAME?,做事情的基地,căn cứ,这里是科学研究基地。,,FALSE
bài 20,勤俭,#NAME?,拿来做样子的东西,tiết kiệm,这部手机只是样品，不能卖。,,FALSE
bài 20,农历,#NAME?,用尖东西扎,lịch âm lịch,小心别被蜜蜂刺到。,,FALSE
bài 20,将近,#NAME?,鼻子闻到的味道,gần như,这房间有很难闻的气味。,,FALSE
bài 20,况且,#NAME?,突然明白了,Hơn thế nữa,听了他的解释，我恍然大悟。,,FALSE
bài 20,乌黑,#NAME?,再进一步,đen tuyền,先学好基础知识，进而才能创新。,,FALSE
bài 20,跟随,#NAME?,分开裂开,theo,细胞分裂后才能生长。,,FALSE
bài 20,寻觅,#NAME?,慢慢渗进去,Tìm kiếm,雨水慢慢渗透到土壤里。,,FALSE
bài 20,美观,#NAME?,给东西下定义,Đẹp mắt,字典给“幸福”下了定义。,,FALSE
bài 20,别致,#NAME?,潜到水下面,Độc nhất,他周末喜欢去潜水。,,FALSE
bài 20,浸泡,#NAME?,生小宝宝,ngâm,这些细菌繁殖得很快。,,FALSE
bài 20,责怪,#NAME?,活动的地方,Đổ tội,图书馆是学习的好场所。,,FALSE
bài 20,嗨,#NAME?,很奇怪,CHÀO,这个人的性格很古怪。,,FALSE
bài 20,祖父,#NAME?,贝的硬壳,ông nội,海边有很多漂亮的贝壳。,,FALSE
bài 20,废寝忘食,#NAME?,觉得很奇怪,Quên ăn và ngủ,我对他的行为感到诧异。,,FALSE
bài 20,窝,#NAME?,很小的细菌,tổ,要经常洗手防止细菌。,,FALSE
bài 20,畔,#NAME?,把脏东西滤掉,ngân hàng,这个水要过滤后再喝。,,FALSE
bài 20,椭圆,#NAME?,东西从哪里来,hình bầu dục,这条消息的来源不明。,,FALSE
bài 20,外表,#NAME?,合在一起做新东西,Vẻ bề ngoài,这两种材料可以合成新产品。,,FALSE
bài 20,镶嵌,#NAME?,解除束缚,tranh khảm,1949年解放了全中国。,,FALSE
bài 20,坚硬,#NAME?,迈步前进,cứng,迈开大步向前走。,,FALSE
bài 20,工艺品,#NAME?,去找答案,đồ thủ công mỹ nghệ,科学家正在探索宇宙的秘密。,,FALSE
bài 20,砸,#NAME?,根据听到的消息,Đập vỡ,据悉台风明天会来。,,FALSE
bài 20,膝盖,#NAME?,忍住不舒服,đầu gối,他忍受不了这种痛苦。,,FALSE
bài 20,枝,#NAME?,超过别人,chi nhánh,他的成绩已经超越了别人。,,FALSE
bài 20,拐杖,#NAME?,温度的单位,nạng,今天气温高达38摄氏度。,,FALSE
bài 20,拄,#NAME?,失去东西,ủng hộ,他因为粗心丧失了机会。,,FALSE
bài 20,瘸,#NAME?,偏偏不听话,què,大家都劝他别去，他偏偏要去。,,FALSE
bài 20,挖掘,#NAME?,真实的情况,Moi lên,我们要查清事情的真相。,,FALSE
bài 20,宁肯,#NAME?,很漂亮,Hơn là,这件衣服穿起来很华丽。,,FALSE
bài 20,告诫,#NAME?,队伍的配置,lời khuyên răn,我们队的阵容很强大。,,FALSE
bài 20,欲望,#NAME?,做事很有条理,sự mong muốn,他做事一直有条不紊。,,FALSE
bài 20,贪婪,#NAME?,表现出来,tham,他的才能终于展现出来了。,,FALSE
bài 20,争夺,#NAME?,一堆长在一起,đấu tranh ,山上有一丛野花。,,FALSE
bài 20,贪污,#NAME?,东西的大小,tham nhũng,这个箱子的体积很大。,,FALSE
bài 20,贿赂,#NAME?,东西的样子,hối lộ,这个雕塑的造型很特别。,,FALSE
bài 20,不择手段,#NAME?,搞不清楚,chơi hết mình,我对这个问题感到迷惑。,,FALSE
bài 20,颇,#NAME?,很奇妙,khá,海底世界非常奇妙。,,FALSE
bài 20,分明,#NAME?,很大很宽,riêng biệt,这片草原非常广阔。,,FALSE
bài 20,隐蔽,#NAME?,做事情的基地,ẩn giấu,这里是科学研究基地。,,FALSE
bài 20,扎,#NAME?,,cà vạt,,,FALSE
bài 20,砖,#NAME?,,gạch,,,FALSE
bài 20,拣,#NAME?,,Nhặt,,,FALSE
bài 20,撇,#NAME?,,cú đánh ngã trái,,,FALSE
bài 20,发炎,#NAME?,,bị viêm,,,FALSE
bài 20,侥幸,#NAME?,,may mắn,,,FALSE
bài 20,滋味,#NAME?,,nếm,,,FALSE
bài 20,逢,#NAME?,,Cuộc họp,,,FALSE
bài 20,得不偿失,#NAME?,,Việc đó không đáng.,,,FALSE
bài 21,急剧,#NAME?,变化很快,sắc,,,FALSE
bài 21,川流不息,#NAME?,人车很多,Chảy liên tục,,,FALSE
bài 21,把手,#NAME?,门的手柄,xử lý,,,FALSE
bài 21,装卸,#NAME?,装货卸货,Bốc dỡ hàng hóa,,,FALSE
bài 21,相应,#NAME?,对应的,tương ứng,,,FALSE
bài 21,着重,#NAME?,重点说,Nhấn mạnh,,,FALSE
bài 21,虚拟,#NAME?,不是真的,ảo,,,FALSE
bài 21,插座,#NAME?,插电的地方,ổ cắm,,,FALSE
bài 21,反馈,#NAME?,回馈意见,nhận xét,,,FALSE
bài 21,无微不至,#NAME?,照顾很细心,tỉ mỉ,,,FALSE
bài 21,便利,#NAME?,很方便,thuận lợi,,,FALSE
bài 21,把关,#NAME?,检查控制,kiểm tra,,,FALSE
bài 21,人工,#NAME?,用人做事,nhân tạo,,,FALSE
bài 21,秤,#NAME?,称重量的工具,cân,,,FALSE
bài 21,总和,#NAME?,加起来的数量,tổng,,,FALSE
bài 21,模式,#NAME?,做事的方式,người mẫu,,,FALSE
bài 21,嫌,#NAME?,觉得不喜欢,Không thích,,,FALSE
bài 21,腥,#NAME?,鱼的味道,cá,,,FALSE
bài 21,清理,#NAME?,打扫干净,Dọn dẹp,,,FALSE
bài 21,等候,#NAME?,等待,chờ,,,FALSE
bài 21,勘探,#NAME?,去找矿,khám phá,,,FALSE
bài 21,矿产,#NAME?,地下的矿,khoáng chất,,,FALSE
bài 21,款式,#NAME?,衣服的样子,hình dạng,,,FALSE
bài 21,主导,#NAME?,主要引导,dẫn đầu,,,FALSE
bài 21,兴隆,#NAME?,生意好,Hưng Long,,,FALSE
bài 21,羽绒服,#NAME?,羽绒衣服,áo khoác lông vũ,,,FALSE
bài 21,旗袍,#NAME?,旗袍,sườn xám,,,FALSE
bài 21,音响,#NAME?,声音设备,Âm thanh,,,FALSE
bài 21,收音机,#NAME?,听广播的机器,radio,,,FALSE
bài 21,水龙头,#NAME?,出水的开关,Vòi nước,,,FALSE
bài 21,纽扣儿,#NAME?,衣服扣子,Nút bấm,,,FALSE
bài 21,革命,#NAME?,大改变,cuộc cách mạng,,,FALSE
bài 21,改良,#NAME?,改进,Cải thiện,,,FALSE
bài 21,欣欣向荣,#NAME?,很兴旺,phát triển mạnh,,,FALSE
bài 21,仓库,#NAME?,存东西的地方,kho chứa,,,FALSE
bài 21,投票,#NAME?,投票选举,bỏ phiếu,,,FALSE
bài 21,保管,#NAME?,保证,quyền giám hộ,,,FALSE
bài 21,新颖,#NAME?,新样子,cuốn tiểu thuyết,,,FALSE
bài 21,中意,#NAME?,喜欢,Trung Quốc,,,FALSE
bài 21,关怀,#NAME?,关心照顾,chăm sóc,,,FALSE
bài 22,堵塞,#NAME?,路堵住了,tắc nghẽn,路上堵塞得很厉害。,,FALSE
bài 22,滞留,#NAME?,被困在那里,Giam giữ,航班取消后，很多旅客滞留在机场。,,FALSE
bài 22,皆,#NAME?,全部都是,tất cả,大家皆大欢喜。,,FALSE
bài 22,明智,#NAME?,聪明做法,khôn ngoan,这个决定很明智。,,FALSE
bài 22,出路,#NAME?,解决的办法,lối ra,他终于找到了出路。,,FALSE
bài 22,规范,#NAME?,做得正确,thông số kỹ thuật,他的行为不规范。,,FALSE
bài 22,谋求,#NAME?,努力去找,tìm kiếm,我们要谋求更好的发展。,,FALSE
bài 22,折磨,#NAME?,让人很难受,Tra tấn,病痛折磨着他。,,FALSE
bài 22,翼,#NAME?,翅膀,cánh,鸟儿张开翅膀飞走了。,,FALSE
bài 22,担保,#NAME?,保证没问题,bảo đảm,我敢担保他不会迟到。,,FALSE
bài 22,大体,#NAME?,大概情况,nói chung,大体上我同意你的看法。,,FALSE
bài 22,勾画,#NAME?,画出样子,Đề cương,他几笔就勾画出人物。,,FALSE
bài 22,轮廓,#NAME?,大概形状,đường viền,这座山的轮廓很清楚。,,FALSE
bài 22,指责,#NAME?,批评别人,Lời buộc tội,不要随便指责别人。,,FALSE
bài 22,抵达,#NAME?,到达地方,đến,我们终于抵达目的地。,,FALSE
bài 22,终点,#NAME?,结束的地方,kết thúc,比赛到达了终点。,,FALSE
bài 22,配备,#NAME?,准备好东西,Được trang bị,公司配备了新电脑。,,FALSE
bài 22,停泊,#NAME?,停船或车,neo đậu,船停泊在港口。,,FALSE
bài 22,力求,#NAME?,努力去做,Nỗ lực,我们力求做到最好。,,FALSE
bài 22,干预,#NAME?,管别人事,Sự can thiệp,请不要干预我的事。,,FALSE
bài 22,平坦,#NAME?,很平,phẳng,道路很平坦。,,FALSE
bài 22,奔驰,#NAME?,跑得很快,Benz,汽车在高速路上奔驰。,,FALSE
bài 22,试图,#NAME?,尝试去做,nỗ lực,他试图说服我。,,FALSE
bài 22,引导,#NAME?,带路,hướng dẫn,老师引导我们学习。,,FALSE
bài 22,串,#NAME?,一串东西,sợi dây,我买了一串葡萄。,,FALSE
bài 22,珍珠,#NAME?,珍珠,ngọc trai,她戴着珍珠项链。,,FALSE
bài 22,引擎,#NAME?,汽车发动机,động cơ,汽车引擎声音很大。,,FALSE
bài 22,行列,#NAME?,排队的人,thứ hạng,他排在第一行列。,,FALSE
bài 22,潮流,#NAME?,流行方向,xu hướng,潮流在不断变化。,,FALSE
bài 22,助理,#NAME?,帮忙的人,trợ lý,她是我的好助理。,,FALSE
bài 22,柴油,#NAME?,一种燃料,nhiên liệu diesel,卡车用柴油。,,FALSE
bài 22,遏制,#NAME?,控制住,bao gồm,我们要遏制不良行为。,,FALSE
bài 22,比重,#NAME?,比例大小,tỷ lệ,男生比重较大。,,FALSE
bài 22,昂贵,#NAME?,价钱很高,đắt,这件衣服很昂贵。,,FALSE
bài 22,优胜劣汰,#NAME?,好的留下来，坏的淘汰,Sự sống sót của kẻ mạnh nhất,竞争中优胜劣汰。,,FALSE
bài 22,锦上添花,#NAME?,好上加好,Thêm hoa vào vải gấm.,锦上添花更好。,,FALSE
bài 22,排除,#NAME?,去掉,loại trừ,排除所有困难。,,FALSE
bài 22,伴侣,#NAME?,一起生活的人,bạn đồng hành,他们是生活伴侣。,,FALSE
bài 22,支柱,#NAME?,主要支持,trụ,教育是国家的支柱。,,FALSE
bài 22,保障,#NAME?,保证做到,Đảm bảo,法律保障我们的权利。,,FALSE
bài 23,通俗,#NAME?,容易懂的话,phổ biến,这个解释很通俗，大家都听得懂。,,FALSE
bài 23,堆积,#NAME?,东西堆很多,sự tích lũy,这些旧衣服已经堆积在柜子里好几个月了。,,FALSE
bài 23,卓越,#NAME?,很优秀,sự xuất sắc,他的学习成绩非常卓越，大家都羡慕。,,FALSE
bài 23,预测,#NAME?,提前知道,dự đoán,专家预测明天会下大雨。,,FALSE
bài 23,万分,#NAME?,非常,vô cùng,听到这个消息，我心里万分高兴。,,FALSE
bài 23,振奋,#NAME?,精神很好,Tiếp thêm sinh lực,这个胜利的消息让全国人民感到振奋。,,FALSE
bài 23,公认,#NAME?,大家都觉得,được chấp nhận,她是大家公认的最好老师。,,FALSE
bài 23,功劳,#NAME?,做的贡献,công lao,这次成功他的功劳最大。,,FALSE
bài 23,战略,#NAME?,重要计划,chiến lược,公司制定了新的战略计划。,,FALSE
bài 23,派遣,#NAME?,派人去,gửi,领导派遣我去北京参加会议。,,FALSE
bài 23,模型,#NAME?,做样子,Người mẫu,小孩子正在玩飞机模型。,,FALSE
bài 23,共计,#NAME?,总共,tổng cộng,这次考试共计有五十名学生参加。,,FALSE
bài 23,优越,#NAME?,很好,thượng đẳng,这里的自然环境比城市优越很多。,,FALSE
bài 23,实事求是,#NAME?,实事求是,Tìm kiếm chân lý từ thực tế,我们说话做事要实事求是。,,FALSE
bài 23,细致,#NAME?,很仔细,tỉ mỉ,她做事情特别细致，从不马虎。,,FALSE
bài 23,不言而喻,#NAME?,不用说,Điều đó là hiển nhiên,他的成功是不言而喻的。,,FALSE
bài 23,血压,#NAME?,血压,huyết áp,爷爷最近血压有点高。,,FALSE
bài 23,依赖,#NAME?,靠别人,phụ thuộc,小孩子太依赖妈妈了。,,FALSE
bài 23,切切实实,#NAME?,真的,Thật sự,我们要切切实实把工作落实好。,,FALSE
bài 23,切实,#NAME?,确实,thực tế,政府切实帮助了困难家庭。,,FALSE
bài 23,协助,#NAME?,帮忙,hỗ trợ,谢谢你协助我完成这个项目。,,FALSE
bài 23,先进,#NAME?,很先进,trình độ cao,这个工厂的技术很先进。,,FALSE
bài 23,器材,#NAME?,工具,thiết bị,健身房里的器材都很齐全。,,FALSE
bài 23,人为,#NAME?,人做出来的,Nhân loại,这场事故是人为造成的。,,FALSE
bài 23,前景,#NAME?,未来发展,triển vọng,这个行业的前景非常好。,,FALSE
bài 23,临床,#NAME?,看病,lâm sàng,医生有丰富的临床经验。,,FALSE
bài 23,维护,#NAME?,保护,duy trì,我们要维护好公共秩序。,,FALSE
bài 23,生理,#NAME?,身体的,sinh lý,男女生理上有很大区别。,,FALSE
bài 23,攒,#NAME?,存钱,Cứu,我正在攒钱买新电脑。,,FALSE
bài 23,可行,#NAME?,可以做,khả thi,这个计划完全可行。,,FALSE
bài 23,展望,#NAME?,看未来,Triển vọng,展望未来，我们充满希望。,,FALSE
bài 23,扭转,#NAME?,改变方向,Xoắn,他努力扭转了落后局面。,,FALSE
bài 23,萌芽,#NAME?,开始生长,nụ,新的想法正在萌芽。,,FALSE
bài 23,荒谬,#NAME?,不合理,vô lý,他的观点太荒谬了。,,FALSE
bài 23,预兆,#NAME?,提前信号,điềm báo,乌云是下雨的预兆。,,FALSE
bài 23,消除,#NAME?,去掉,loại bỏ,我们要消除安全隐患。,,FALSE
bài 23,隐患,#NAME?,隐藏问题,Nguy hiểm tiềm ẩn,这个地方还有很多隐患。,,FALSE
bài 23,案例,#NAME?,真实例子,Trường hợp,这是一个真实案例。,,FALSE
bài 23,零星,#NAME?,很少的,không thường xuyên,现场只有零星几个人。,,FALSE
bài 23,挽救,#NAME?,救回来,cứu,医生成功挽救了病人。,,FALSE
bài 23,监测,#NAME?,检查,màn hình,护士正在监测病人血压。,,FALSE
bài 23,血压,#NAME?,血压,huyết áp,爷爷的血压最近有点高。,,FALSE
bài 23,先进,#NAME?,很先进,trình độ cao,这项技术属于先进水平。,,FALSE
bài 23,人为,#NAME?,人做出来的,Nhân loại,不要做人为破坏。,,FALSE
bài 23,切切实实,#NAME?,真的,Thật sự,我们必须切切实实做好准备。,,FALSE
bài 23,优越,#NAME?,很好,thượng đẳng,他的家庭条件很优越。,,FALSE
bài 23,大大,#NAME?,很厉害,To To,这次改变大大提高了效率。,,FALSE
bài 23,攒,#NAME?,存钱,Cứu,我攒了很久才买到这部手机。,,FALSE
bài 23,实事求是,#NAME?,实事求是,Tìm kiếm chân lý từ thực tế,做人一定要实事求是。,,FALSE
bài 23,远远,#NAME?,差很远,Xa,他的水平远远超过别人。,,FALSE
bài 23,领域,#NAME?,领域,cánh đồng,他在医学领域很有名气。,,FALSE
bài 23,预测,#NAME?,提前知道,dự đoán,我预测他会成功。,,FALSE
bài 24,离奇,#NAME?,事情发生得很奇怪，让人很难相信,kỳ lạ,这件事情太离奇了，谁都想不到会这样。,,FALSE
bài 24,崇拜,#NAME?,非常敬佩某人，把他当作榜样,tôn thờ,我从小就崇拜那个足球明星。,,FALSE
bài 24,冲击,#NAME?,用力撞击或强烈影响,Sự va chạm,海浪冲击着海岸边的石头。,,FALSE
bài 24,拼搏,#NAME?,全力以赴地努力奋斗,Nỗ lực,运动员们在赛场上奋力拼搏。,,FALSE
bài 24,聚精会神,#NAME?,注意力非常集中，一点都不分散,Tập trung,他聚精会神地看比赛，一动不动。,,FALSE
bài 24,防守,#NAME?,保护自己的地方不被对方攻入,Phòng thủ,这支球队防守很厉害，对方很难进球。,,FALSE
bài 24,火箭,#NAME?,一种飞行速度非常快的飞行器,Tên lửa,火箭发射后很快就消失在天空了。,,FALSE
bài 24,横,#NAME?,态度粗暴，不讲道理,nằm ngang,那个人说话很横，没人敢跟他吵架。,,FALSE
bài 24,阴谋,#NAME?,暗中计划做坏事,âm mưu,他的阴谋被朋友们发现了。,,FALSE
bài 24,当场,#NAME?,在事情发生的那个地方和时候,ngay tại chỗ,小偷当场就被警察抓住了。,,FALSE
bài 24,事件,#NAME?,已经发生的重要事情,sự kiện,这个事件上了新闻头条。,,FALSE
bài 24,遮挡,#NAME?,挡住光线或视线,Sự cản trở,大树遮挡住了强烈的阳光。,,FALSE
bài 24,裁判,#NAME?,体育比赛中负责判罚的人,trọng tài,裁判吹哨结束了比赛。,,FALSE
bài 24,大意,#NAME?,做事不小心，忽略了细节,ý tưởng chính,他太大意了，把护照忘在家里。,,FALSE
bài 24,悲哀,#NAME?,感到非常伤心和难过,nỗi buồn,听到这个消息，她心里很悲哀。,,FALSE
bài 24,主办,#NAME?,负责组织和举办活动,chủ nhà,中国主办了这次国际会议。,,FALSE
bài 24,特意,#NAME?,专门为了某个目的去做,đặc biệt,我特意早点来等你。,,FALSE
bài 24,警告,#NAME?,提醒别人注意危险或错误,cảnh báo,医生警告他不能再喝酒了。,,FALSE
bài 24,疏忽,#NAME?,不注意而造成失误,sơ suất,因为疏忽，他把文件弄丢了。,,FALSE
bài 24,重心,#NAME?,身体或事情的主要平衡点,Tâm trọng lực,走路时要注意身体重心。,,FALSE
bài 24,中断,#NAME?,事情突然停止进行,Sự gián đoạn,比赛因为下雨而中断了。,,FALSE
bài 24,刹车,#NAME?,让车辆或机器停止前进,phanh,司机赶紧刹车才没撞到人。,,FALSE
bài 24,防御,#NAME?,保护自己不受攻击,phòng thủ,我们要做好防御准备。,,FALSE
bài 24,心态,#NAME?,对待事情的心理状态,tư duy,他心态很好，从不抱怨。,,FALSE
bài 24,南辕北辙,#NAME?,做法和目标完全相反,Đi về hướng nam trong khi đang đi về hướng bắc.,他们两个的想法完全南辕北辙。,,FALSE
bài 24,注重,#NAME?,特别重视某方面,Hãy chú ý đến,公司很注重员工培训。,,FALSE
bài 24,胜负,#NAME?,比赛的输赢结果,Thắng hay thua,这场比赛胜负还没有分出来。,,FALSE
bài 24,残酷,#NAME?,非常冷酷无情,tàn nhẫn,比赛的竞争非常残酷。,,FALSE
bài 24,争议,#NAME?,大家意见不同，产生争论,tranh luận,这个决定引起了很大争议。,,FALSE
bài 24,打仗,#NAME?,进行战斗或激烈争论,trận đánh,球迷们在网上打了一场嘴仗。,,FALSE
bài 24,打官司,#NAME?,通过法律途径解决问题,vụ kiện,他们要去法院打官司。,,FALSE
bài 24,守护,#NAME?,保护某人或某物,bảo vệ,战士们守护着边境。,,FALSE
bài 24,谴责,#NAME?,强烈批评和指责,lên án,大家一起谴责这种不文明行为。,,FALSE
bài 24,凶手,#NAME?,杀害别人的人,kẻ giết người,警察正在抓捕凶手。,,FALSE
bài 24,冤枉,#NAME?,被人误会而受到不公正对待,Bị kết án oan,他觉得自己被冤枉了。,,FALSE
bài 24,辩解,#NAME?,解释说明自己没有错,thứ lỗi,他急忙辩解说不是自己干的。,,FALSE
bài 24,成心,#NAME?,故意去做某事,cố ý,我不是成心要迟到的。,,FALSE
bài 24,意料,#NAME?,事先想到或预料到,Hy vọng,这个结果完全出乎意料。,,FALSE
bài 24,频繁,#NAME?,次数很多，经常发生,thường xuyên,他最近频繁去国外出差。,,FALSE
bài 24,航空,#NAME?,跟飞机飞行有关的事物,hàng không,他在航空公司工作。,,FALSE
bài 24,熨,#NAME?,用熨斗把衣服烫平,sắt,妈妈正在熨衣服。,,FALSE
bài 24,磕,#NAME?,身体部位碰到硬物受伤,cú đánh,他走路不小心磕破了头。,,FALSE
bài 24,嘴唇,#NAME?,嘴巴外面的一圈皮肤,môi,他紧张得嘴唇发白。,,FALSE
bài 24,拽,#NAME?,用力拉扯东西,Sự lôi kéo,别拽我，衣服要坏了。,,FALSE
bài 24,乐极生悲,#NAME?,高兴过了头反而发生坏事,Niềm vui biến thành nỗi buồn,他高兴得太早，结果乐极生悲。,,FALSE
bài 24,恼火,#NAME?,心里很生气,khó chịu,听到这话他非常恼火。,,FALSE
bài 24,雪上加霜,#NAME?,坏事接连发生，情况更糟,Thêm dầu vào lửa,他的病还没好，又丢了工作，真是雪上加霜。,,FALSE
bài 24,荒唐,#NAME?,想法或做法非常不合理,vô lý,这个想法太荒唐了。,,FALSE
bài 24,指甲,#NAME?,手指尖上的硬壳,móng tay,她喜欢涂指甲油。,,FALSE
bài 24,处置,#NAME?,处理和解决事情,Xử lý,这些旧东西需要尽快处置。,,FALSE
bài 24,电钻,#NAME?,用来打孔的电动工具,máy khoan điện,工人用电钻在墙上打孔。,,FALSE
bài 24,遭受,#NAME?,遇到不好的事情,chịu đựng,这个城市遭受了严重暴雨。,,FALSE
bài 24,微不足道,#NAME?,非常小，不值得一提,không đáng kể,这点小忙微不足道，不用客气。,,FALSE
bài 25,服气,#NAME?,心服口服，承认别人比自己强,Tôi chấp nhận,小明不知为何被老师训斥了一顿，心里很不服气。,,FALSE
bài 25,军队,#NAME?,军队,quân đội,军队平时加强训练，战时才能打胜仗。,,FALSE
bài 25,武器,#NAME?,武器，打仗用的东西,cánh tay,人民解放军全面更新了武器装备。,,FALSE
bài 25,当务之急,#NAME?,现在最重要、最紧急要做的事,Nhiệm vụ cấp bách nhất,现在当务之急是解决住宿问题。,,FALSE
bài 25,承办,#NAME?,负责组织、承办活动,Thực hiện,中国承办了2008年的北京奥运会。,,FALSE
bài 25,委托,#NAME?,把事情交给别人帮忙做,Giao phó,这件事，我已委托同事全权办理。,,FALSE
bài 25,即将,#NAME?,马上就要，快要发生,Sớm,天色越来越阴暗了，一场暴风雪即将到来。,,FALSE
bài 25,紧迫,#NAME?,很紧急，时间不够,cấp bách,时间非常紧迫，我们要立即行动。,,FALSE
bài 25,公务,#NAME?,公家的事，政府的工作,nhiệm vụ chính thức,政府授权给那家机构去执行公务。,,FALSE
bài 25,款待,#NAME?,热情招待客人,lòng hiếu khách,今天，我们在家里款待远方来的客人。,,FALSE
bài 25,叮嘱,#NAME?,反复叮咛、嘱咐,Hướng dẫn,老师一再叮嘱我们，过马路要注意安全。,,FALSE
bài 25,算数,#NAME?,说话算话，遵守承诺,đếm,你既然答应他了，就要说话算数。,,FALSE
bài 25,逼迫,#NAME?,强迫别人做不愿意做的事,lực lượng,孩子不安心学习，父母不要逼迫他，更不能打骂。,,FALSE
bài 25,响亮,#NAME?,声音很大很清楚,Ồn ào,她回答问题声音特别响亮。,,FALSE
bài 25,吩咐,#NAME?,吩咐、叫别人去做,Hướng dẫn,老师吩咐小明打扫教室的卫生。,,FALSE
bài 25,下属,#NAME?,下级工作人员,cấp dưới,听了下属的意见，他决定改正以前的工作作风。,,FALSE
bài 25,充足,#NAME?,足够多，很充足,đủ,商店里，各种商品数量充足，价格稳定。,,FALSE
bài 25,拖延,#NAME?,拖长时间，不及时完成,sự trì hoãn,你病得很重，赶快上医院，不能再拖延了。,,FALSE
bài 25,期限,#NAME?,最后必须完成的期限,thuật ngữ,工程的截止期限是本月二十日。,,FALSE
bài 25,活该,#NAME?,活该，自作自受,Đáng đời ngươi!,他总是不听家人和朋友的劝告，终于受骗了，活该！,,FALSE
bài 25,探听,#NAME?,偷偷打听消息,nghe lén,他深入敌区探听敌情，非常危险。,,FALSE
bài 25,汇报,#NAME?,向上级报告工作,báo cáo,老师正在听取班干部的汇报。,,FALSE
bài 25,探望,#NAME?,去探访、看望别人,thăm nom,暑假里，妈妈带我特地去北京探望外婆。,,FALSE
bài 25,寒暄,#NAME?,见面时说客气话、聊天,lời chào,回家途中遇到一个故友，不得不停下寒暄几句。,,FALSE
bài 25,为难,#NAME?,让人为难、不好办,Khó,这个问题太难了，真是把我为难住了。,,FALSE
bài 25,严密,#NAME?,严密、没有漏洞,chặt,这瓶罐头封口不严密，已经变质了。,,FALSE
bài 25,侧面,#NAME?,侧面，从旁边看,bên,那尊塑像表现的是他的侧面。,,FALSE
bài 25,机密,#NAME?,很秘密、不能让别人知道的事,bảo mật,这些机密信息必须严格保管，不能泄露给任何人。,,FALSE
bài 25,保密,#NAME?,保守秘密，不告诉别人,Bảo mật,对这项工作计划，大家一定要保密。,,FALSE
bài 25,走漏,#NAME?,消息泄露出去,Hở,这个消息千万不能透露出去，以免走漏风声！,,FALSE
bài 25,沉思,#NAME?,低头认真思考,thiền định,爸爸沉思一会儿，答应了我的要求。,,FALSE
bài 25,意图,#NAME?,意图、想做什么的目的,chủ đích,赵刚这样做显然另有一番意图。,,FALSE
bài 25,私自,#NAME?,自己私下做，没有经过允许,riêng tư,小孩子私自下河游泳，是很危险的。,,FALSE
bài 25,妥当,#NAME?,安排得合适、妥当,phù hợp,会场已经布置妥当，只等会议开始。,,FALSE
bài 25,占领,#NAME?,占领、攻占,chiếm lĩnh,我军很快占领了这个据点。,,FALSE
bài 25,封锁,#NAME?,封锁、堵住不让通过,phong tỏa,敌人的几个交通要道都被我军封锁了。,,FALSE
bài 25,驻扎,#NAME?,军队驻扎、停留,đóng quân,我军已经在这里驻扎了两个多月了。,,FALSE
bài 25,指定,#NAME?,指定、特别指出,Chỉ định,客户已经把钱汇入你指定的银行账户了。,,FALSE
bài 25,舱,#NAME?,船舱、机舱,cabin,请跟我来，您的座位在客舱中部。,,FALSE
bài 25,嘱咐,#NAME?,叮嘱、嘱咐,Hướng dẫn,医生嘱咐爸爸要多注意休息。,,FALSE
bài 25,方位,#NAME?,方向、位置,chức vụ,野外工作时，需要靠指南针来确定方位。,,FALSE
bài 25,凌晨,#NAME?,凌晨，天快亮的时候,sáng sớm,今天傍晚上火车，明日凌晨就能到达北京。,,FALSE
bài 25,茫茫,#NAME?,一片白茫茫，看不清楚,rộng lớn,眼前白茫茫一片，分不清哪里是水，哪里是天。,,FALSE
bài 25,调动,#NAME?,调动、鼓动大家,huy động,王老师很善于调动同学们的积极性。,,FALSE
bài 25,一齐,#NAME?,一起、同时,Cùng nhau,大家一齐动手，清除路上的积雪。,,FALSE
bài 25,高涨,#NAME?,热情高涨,sự gia tăng,在许师傅的带动下，大家的工作热情更高涨了。,,FALSE
bài 25,大致,#NAME?,大概、大致,khoảng,大家对会议的内容作了大致的记录。,,FALSE
bài 25,圆满,#NAME?,圆满、完美地完成,Hoàn hảo,在大家共同努力下，圆满地完成了演出。,,FALSE
bài 25,叹气,#NAME?,叹气，因为失望或难过而呼气,thở dài,中国人常说，没事的时候不要叹气，不吉利。,,FALSE
bài 25,天才,#NAME?,天才，天生特别聪明的人,thiên tài,爱迪生是位真正的天才。,,FALSE
bài 25,高明,#NAME?,高明，非常厉害、聪明,thông minh,王先生的射箭技术十分高明。,,FALSE
bài 26,捧,#NAME?,用双手托着东西。,Giữ,站在那里捧着一束花的男人是我男朋友。,,FALSE
bài 26,天文,#NAME?,研究星星、宇宙等的科学知识。,thiên văn,这个问题涉及了很多天文知识。,,FALSE
bài 26,儒家,#NAME?,以孔子、孟子为代表的古代思想学派。,Nho giáo,孔子与孟子齐名，同为我国儒家的代表人物。,,FALSE
bài 26,传记,#NAME?,记录人物生平事迹的书籍。,tiểu sử,小时候妈妈经常给我买一些名人传记让我去看。,,FALSE
bài 26,散文,#NAME?,一种文学体裁，形式自由，内容广泛。,văn xuôi,这篇散文生动形象地描述了大海涨潮时的情景。,,FALSE
bài 26,历代,#NAME?,各个朝代、各个时代。,Xuyên suốt lịch sử,孔子被历代帝王推崇为圣人。,,FALSE
bài 26,着迷,#NAME?,对某事物非常感兴趣，难以自拔。,Say mê,她被那位歌手的嗓音着迷，听了一遍又一遍。,,FALSE
bài 26,熏陶,#NAME?,长期影响和教育，使人形成好的品格或爱好。,Ảnh hưởng,由于家庭的熏陶，他从小就喜欢音乐。,,FALSE
bài 26,胸怀,#NAME?,人的内心世界和气量。,tâm trí,我们应敞开胸怀，勇敢地接受新事物。,,FALSE
bài 26,不堪,#NAME?,承受不了，不能忍受。,Không thể chịu đựng được,这座桥年久失修，已经不堪重负。,,FALSE
bài 26,炎热,#NAME?,天气非常热。,nóng,今年夏天的天气异常炎热。,,FALSE
bài 26,骚扰,#NAME?,打扰别人，使人不安。,Quấy rối,劝你们不要进屋里骚扰她老人家。,,FALSE
bài 26,贫乏,#NAME?,知识、经验等非常少。,nghèo,他在实际工作中越来越感觉到知识的贫乏。,,FALSE
bài 26,艰难,#NAME?,生活困难，不容易。,khó ,现在，边远地区人民的生活还是非常艰难。,,FALSE
bài 26,田野,#NAME?,农村的田地和原野。,cánh đồng,我们漫步在春天的田野，心情特别舒畅。,,FALSE
bài 26,情形,#NAME?,事情的具体情况和样子。,tình huống,他向我描绘了那次战斗的情形。,,FALSE
bài 26,耀眼,#NAME?,光线非常强烈，刺眼。,rực rỡ,在阳光的照耀下，湖面反射出耀眼的光芒。,,FALSE
bài 26,光芒,#NAME?,发出的明亮光线。,Ánh sáng,小猫竟然从鱼缸里捞出来一条金鱼！,,FALSE
bài 26,捞,#NAME?,用手从水中或某处抓取东西。,muỗng,闭上眼睛，摊开手掌，我要给你一个惊喜！,,FALSE
bài 26,摊,#NAME?,张开手掌或把东西铺开。,quầy hàng,一厘米等于十毫米。,,FALSE
bài 26,毫米,#NAME?,长度单位，一厘米等于十毫米。,milimét,长久用电脑工作，很容易得颈椎病。,,FALSE
bài 26,颈椎,#NAME?,脖子后面的脊椎骨。,Cột sống cổ,觉得颈椎不舒服时，用手揉一揉会好很多。,,FALSE
bài 26,揉,#NAME?,用手轻轻按摩。,xoa bóp,你好，这边有点儿挤，麻烦往里挪挪。,,FALSE
bài 26,挪,#NAME?,移动位置，稍微挪动。,di chuyển,这一跤摔得我屁股疼。,,FALSE
bài 26,屁股,#NAME?,人体臀部。,mông,那次生病之后，他的左手就失去了知觉。,,FALSE
bài 26,知觉,#NAME?,感觉能力，对外界刺激的感知。,sự nhận thức,现在生活好了，不再有那么多人挨冻受饿了。,,FALSE
bài 26,挨,#NAME?,遭受、忍受（多指不好的事情）。,chịu đựng,我拥有一个幸福美满的家庭。,,FALSE
bài 26,美满,#NAME?,幸福圆满。,vui mừng,上有天堂，下有苏杭。,,FALSE
bài 26,天堂,#NAME?,非常美好的地方，比喻理想境界。,Thiên đường,他有些泄气。,,FALSE
bài 26,泄气,#NAME?,失去信心，感到失望。,nản chí,他眯着眼睛看了半天，终于看清楚了！,,FALSE
bài 26,眯,#NAME?,闭上眼睛看不清楚。,nheo mắt,一个绝望的人将不择手段得到他所要的东西。,,FALSE
bài 26,绝望,#NAME?,感到没有希望，非常失望。,tuyệt vọng,屋子里的空气像是凝固了。,,FALSE
bài 26,凝固,#NAME?,液体变成固体或气氛变得紧张。,sự đông đặc,文物古迹是祖先留给我们的宝贵财富。,,FALSE
bài 26,财富,#NAME?,有价值的财产或精神财富。,sự giàu có,由于风大，火势很快蔓延开来。,,FALSE
bài 26,蔓延,#NAME?,向四周扩散、扩展。,lây lan,她努力克制着自己，不让泪水流出来。,,FALSE
bài 26,克制,#NAME?,控制自己的情绪或行为。,sự kiềm chế,他默默地为群众做了许多好事。,,FALSE
bài 26,默默,#NAME?,不说话，安静地做某事。,lặng lẽ,三岁的小表妹能背诵出十几首唐诗。,,FALSE
bài 26,背诵,#NAME?,凭记忆把文字念出来。,đọc thuộc lòng,她编织的篮子很精巧。,,FALSE
bài 26,编织,#NAME?,用线或材料编成东西。,Dệt,强制拆除房屋应由法院执行。,,FALSE
bài 26,强制,#NAME?,用强力迫使别人做某事。,Bị ép,石头相撞迸发出火花。,,FALSE
bài 26,迸发,#NAME?,突然发出、爆发出来。,nổ,他找了一个布兜，抓了一些萤火虫放在里面。,,FALSE
bài 26,兜,#NAME?,装东西的小袋子。,túi,正月十五，家家户户挂灯笼。,,FALSE
bài 26,灯笼,#NAME?,节日悬挂的照明装饰品。,đèn lồng,他从小就显现出非凡的绘画天赋。,,FALSE
bài 26,天赋,#NAME?,与生俱来的才能。,tài năng,国家下大力改善贫困地区的办学条件。,,FALSE
bài 26,贫困,#NAME?,生活穷困，缺少钱财。,nghèo,他创作的源泉来自于对生活的热爱。,,FALSE
bài 26,源泉,#NAME?,事物产生的根源和动力。,nguồn,,,FALSE
bài 27,爱不释手,#NAME?,非常喜欢，拿着不想放下。,Tôi yêu nó rất nhiều,我很喜欢这本书，爱不释手。,,FALSE
bài 27,圈套,#NAME?,别人故意设计让你上当的办法。,cạm bẫy,他掉进了骗子的圈套。,,FALSE
bài 27,归还,#NAME?,把借来的东西还给别人。,trở lại,我明天会把书归还给你。,,FALSE
bài 27,从容,#NAME?,遇到事情不着急，很冷静。,điềm tĩnh,考试的时候，她一直很从容。,,FALSE
bài 27,中央,#NAME?,中间的位置。,trung tâm,老师站在教室中央讲话。,,FALSE
bài 27,兑现,#NAME?,答应过的事情真的做到。,tiền mặt,他终于兑现了自己的承诺。,,FALSE
bài 27,妄想,#NAME?,想一些不可能实现的事情。,Ảo tưởng,别再妄想一夜发财了。,,FALSE
bài 27,答复,#NAME?,回答别人提出的问题。,hồi đáp,老师还没有答复我的问题。,,FALSE
bài 27,大臣,#NAME?,帮助国王管理国家的人。,Bộ trưởng,大臣们一起商量对策。,,FALSE
bài 27,对策,#NAME?,解决问题的方法。,biện pháp đối phó,我们已经想好了对策。,,FALSE
bài 27,提议,#NAME?,把自己的想法告诉大家，希望大家同意。,đề xuất,我提议周末一起去爬山。,,FALSE
bài 27,请教,#NAME?,向别人学习，请别人帮助自己。,tư vấn,有问题可以请教老师。,,FALSE
bài 27,实力,#NAME?,做事情的能力和力量。,sức mạnh,他的工作实力很强。,,FALSE
bài 27,慷慨,#NAME?,愿意帮助别人，不小气。,hào phóng,爷爷对别人一直很慷慨。,,FALSE
bài 27,亏待,#NAME?,让别人吃亏，对别人不好。,Thiếu tôn trọng,父母从来没有亏待过我。,,FALSE
bài 27,动身,#NAME?,开始出发去别的地方。,rời khỏi,我们明天早上八点动身。,,FALSE
bài 27,磋商,#NAME?,为了一个问题一起讨论。,Tham vấn,双方还在磋商合作计划。,,FALSE
bài 27,荣幸,#NAME?,觉得很高兴、很光荣。,vinh hạnh,认识大家，我感到很荣幸。,,FALSE
bài 27,转达,#NAME?,把别人的话告诉另外一个人。,truyền đạt,请你帮我转达一声谢谢。,,FALSE
bài 27,发誓,#NAME?,非常认真地保证自己一定会做某件事。,thề,他发誓以后再也不迟到了。,,FALSE
bài 27,镇静,#NAME?,遇到事情不慌张，很冷静。,điềm tĩnh,遇到危险时，她很镇静。,,FALSE
bài 27,雄厚,#NAME?,钱很多，力量很强。,mạnh,这家公司实力非常雄厚。,,FALSE
bài 27,一贯,#NAME?,从以前到现在都是这样，没有改变。,nhất quán,他一贯认真负责。,,FALSE
bài 27,霸道,#NAME?,总是欺负别人，只按自己的意思做事。,áp đặt,那个孩子太霸道了。,,FALSE
bài 27,声誉,#NAME?,大家对一个人或单位的评价。,danh tiếng,这家医院的声誉很好。,,FALSE
bài 27,列举,#NAME?,一个一个地说出来。,Danh sách,老师列举了很多例子。,,FALSE
bài 27,履行,#NAME?,按照约定或要求去做。,hoàn thành,我们应该履行自己的责任。,,FALSE
bài 27,无理取闹,#NAME?,没有道理地吵闹、找麻烦。,không hợp lý,他总是无理取闹。,,FALSE
bài 27,冒犯,#NAME?,说话或做事让别人不高兴。,xúc phạm,对不起，我不是故意冒犯你的。,,FALSE
bài 27,隆重,#NAME?,非常正式、非常重视。,lớn,学校举行了隆重的毕业典礼。,,FALSE
bài 27,仪式,#NAME?,按照规定进行的一些活动。,lễ,开学仪式马上开始了。,,FALSE
bài 27,沐浴,#NAME?,洗澡或洗身体。,Tắm,运动以后，我先去沐浴。,,FALSE
bài 27,荤,#NAME?,鱼、肉等食物。,Thịt,我今天不想吃荤。,,FALSE
bài 27,庄严,#NAME?,让人觉得认真、神圣。,trang nghiêm,大家安静地参加庄严的升旗仪式。,,FALSE
bài 27,尸体,#NAME?,人死后的身体。,xác chết,警察发现了尸体。,,FALSE
bài 27,撒谎,#NAME?,故意说不真实的话。,nói dối,他从来不撒谎。,,FALSE
bài 27,亦,#NAME?,也。,cũng như,这个地方亦叫古城。,,FALSE
bài 27,边境,#NAME?,国家和国家相接的地方。,ranh giới,这里靠近两国边境。,,FALSE
bài 27,泄露,#NAME?,把秘密告诉别人。,Nhường đường,这件事不能泄露出去。,,FALSE
bài 27,率领,#NAME?,带着大家一起行动。,Chỉ huy,老师率领同学们参加比赛。,,FALSE
bài 27,歪曲,#NAME?,故意改变原来的意思。,biến dạng,你不要歪曲我的意思。,,FALSE
bài 27,理直气壮,#NAME?,觉得自己有道理，说话很有信心。,Chính đáng,他理直气壮地回答老师的问题。,,FALSE
bài 27,压迫,#NAME?,用力量让别人按自己的意思做。,sự áp bức,老板不能压迫员工。,,FALSE
bài 27,口头,#NAME?,表示数量，常用在脸、眼镜、对联等前面。,miệng,我们只是口头约定，还没有签合同。,,FALSE
bài 27,副,#NAME?,,phó,他戴着一副眼镜。,,FALSE
bài 27,姿态,#NAME?,人的样子、动作或表现出来的样子。,thái độ,她跳舞的时候姿态很优美。,,FALSE
bài 27,隔阂,#NAME?,人与人之间不理解、不亲近。,khoảng cách,他们之间已经没有隔阂了。,,FALSE
bài 27,争端,#NAME?,国家、团体或个人之间发生的问题和矛盾。,tranh luận,两国正在解决争端。,,FALSE
bài 28,领会,#NAME?,理解、明白意思。,hiểu ,大家已经领会了他的意思。,,FALSE
bài 28,内涵,#NAME?,事物内部包含的意义或内容。,ý nghĩa hàm ẩn,经过老师的讲解，同学们领会了课文的内涵。,,FALSE
bài 28,港湾,#NAME?,船只停靠的安静水湾。,Cảng,宁静的港湾里停靠着许多船只。,,FALSE
bài 28,晴朗,#NAME?,天空明亮无云，天气很好。,nhiều nắng,今天天气晴朗，万里无云。,,FALSE
bài 28,清澈,#NAME?,水清亮透明，能看到底部。,thông thoáng,湖水清澈见底，一群群小鱼来往其间。,,FALSE
bài 28,粉碎,#NAME?,东西被打得非常碎。,Bị nghiền nát,他不小心把掉在地上的眼镜踩了个粉碎。,,FALSE
bài 28,弦,#NAME?,琴上用来发声的细线。,sợi dây,姐姐轻轻地拨弄着琴弦，弹出动听的乐曲。,,FALSE
bài 28,熏陶,#NAME?,长期影响和教育，使人形成好的品格。,Ảnh hưởng,由于家庭的熏陶，他从小就喜欢音乐。,,FALSE
bài 28,胸怀,#NAME?,人的内心气量和胸襟。,tâm trí,我们应敞开胸怀，勇敢地接受新事物。,,FALSE
bài 28,不堪,#NAME?,无法承受，不能忍受。,Không thể chịu đựng được,这座桥年久失修，已经不堪重负。,,FALSE
bài 28,炎热,#NAME?,天气非常炎热。,nóng,今年夏天的天气异常炎热。,,FALSE
bài 28,骚扰,#NAME?,打扰别人，使人不安宁。,Quấy rối,劝你们不要进屋里骚扰她老人家。,,FALSE
bài 28,贫乏,#NAME?,知识、内容等非常贫乏。,nghèo,他在实际工作中越来越感觉到知识的贫乏。,,FALSE
bài 28,艰难,#NAME?,生活困难，处境艰难。,khó ,现在，边远地区人民的生活还是非常艰难。,,FALSE
bài 28,田野,#NAME?,田地和原野。,cánh đồng,我们漫步在春天的田野，心情特别舒畅。,,FALSE
bài 28,情形,#NAME?,事情的具体情况。,tình huống,他向我描绘了那次战斗的情形。,,FALSE
bài 28,耀眼,#NAME?,光线强烈、刺眼。,rực rỡ,在阳光的照耀下，湖面反射出耀眼的光芒。,,FALSE
bài 28,光芒,#NAME?,发出的明亮光线。,Ánh sáng,在阳光的照耀下，湖面反射出耀眼的光芒。,,FALSE
bài 28,捞,#NAME?,用手从水中抓取。,muỗng,小猫竟然从鱼缸里捞出来一条金鱼！,,FALSE
bài 28,摊,#NAME?,张开手掌或铺开东西。,quầy hàng,闭上眼睛，摊开手掌，我要给你一个惊喜！,,FALSE
bài 28,毫米,#NAME?,长度单位，一厘米等于十毫米。,milimét,一厘米等于十毫米。,,FALSE
bài 28,美妙,#NAME?,非常美妙动听。,tuyệt vời,这场演出非常美妙。,,FALSE
bài 28,砍伐,#NAME?,砍断树木。,ghi nhật ký,我们要保护自然环境，不能随意砍伐树木。,,FALSE
bài 28,平凡,#NAME?,普通、平常。,bình thường,他给我们讲了一段不平凡的经历。,,FALSE
bài 28,乐谱,#NAME?,记录音乐的符号。,Bản nhạc,我虽爱听音乐，但对乐谱知识却不太懂。,,FALSE
bài 28,赞叹,#NAME?,由衷地赞美。,Sự ngưỡng mộ,乘客们不时发出由衷地赞叹。,,FALSE
bài 28,出神,#NAME?,注意力非常集中，看得出神。,Sự đắm chìm,他看电视看得出神，竟然没注意到敲门声。,,FALSE
bài 28,向来,#NAME?,从来一直都是这样。,luôn luôn,他这人向来不拘小节。,,FALSE
bài 28,豪迈,#NAME?,气概豪迈，不拘小节。,Mạnh mẽ và táo bạo,他性格豪迈，从不拘小节。,,FALSE
bài 28,旋律,#NAME?,音乐的旋律。,giai điệu,这首歌曲的旋律很优美。,,FALSE
bài 28,雄伟,#NAME?,雄壮伟大。,hùng vĩ,雄伟的长城给我留下了深刻的印象。,,FALSE
bài 28,壮观,#NAME?,景象壮丽宏大。,Hùng vĩ,长城的景色非常壮观，令人震撼。,,FALSE
bài 28,气势,#NAME?,宏大的气势。,động lực,国庆大阅兵规模宏大，气势雄壮。,,FALSE
bài 28,气魄,#NAME?,宏大的气魄和胆识。,tinh thần,他办事很有气魄。,,FALSE
bài 28,曲折,#NAME?,情节曲折。,quanh co,这本小说情节生动曲折，很吸引人。,,FALSE
bài 28,投机,#NAME?,谈得投机，合得来。,Suy đoán,两个年轻人一见如故，谈得非常投机。,,FALSE
bài 28,黎明,#NAME?,天快亮的时候。,bình minh,"黑暗就要过去,黎明即将来临。",,FALSE
bài 28,告辞,#NAME?,告别离开。,Tạm biệt,他坐了一会儿推说有事就告辞了。,,FALSE
bài 28,黄昏,#NAME?,黄昏时分。,hoàng hôn,夏日的黄昏，人们都喜欢到这块草坪上乘凉。,,FALSE
bài 28,降临,#NAME?,突然到来。,Đến,灾难突然降临到这个城市。,,FALSE
bài 28,沮丧,#NAME?,情绪低落，沮丧。,Sự thất vọng,同学们神情沮丧。,,FALSE
bài 28,变故,#NAME?,意外发生的事情。,bất hạnh,经历了许多的变故，他变得有些麻木。,,FALSE
bài 28,逝世,#NAME?,去世。,Đã qua đời,他不幸因病逝世了。,,FALSE
bài 28,坟墓,#NAME?,坟墓。,mộ,清明节，我们在爷爷的坟墓前摆了一束鲜花。,,FALSE
bài 28,不止,#NAME?,不止，持续不停。,hơn,他流泪不止。,,FALSE
bài 28,凄凉,#NAME?,凄惨荒凉。,hoang vắng,地震过后，到处是一片凄凉的景象。,,FALSE
bài 28,深厚情谊,#NAME?,深厚的情谊。,tình bạn sâu sắc,"你们对我的深情厚谊,我永远也忘不了。",,FALSE
bài 28,真挚,#NAME?,真诚。,chân thành,"你们对我的深情厚谊,我永远也忘不了。",,FALSE
bài 28,纯洁,#NAME?,纯洁。,nguyên chất,同学之间的友谊是真挚的，纯洁的。,,FALSE
bài 28,节奏,#NAME?,音乐的节奏。,Nhịp điệu,这支歌节奏比较明快。,,FALSE
bài 28,短促,#NAME?,时间很短促。,ngắn,时间短促，容不得你慢慢思考。,,FALSE
bài 28,溅,#NAME?,水花飞溅。,bắn tung tóe,船头飞溅起的浪花，吟唱着欢乐的歌儿。,,FALSE
bài 28,气概,#NAME?,英雄气概。,tinh thần,他有战胜一切困难的英雄气概。,,FALSE
bài 28,波涛,#NAME?,波浪。,Sóng,狂风掀起波涛，不停地冲击着石堤。,,FALSE
bài 28,荒凉,#NAME?,荒凉。,hoang vắng,大西北在未开发之前很荒凉。,,FALSE
bài 28,含义,#NAME?,含义、意思。,nghĩa,这段话含义深刻，你要好好体会。,,FALSE
bài 28,领悟,#NAME?,领悟、理解。,sự hiểu biết,他在现实中领悟到了人生的哲理。,,FALSE
bài 28,侃侃而谈,#NAME?,侃侃而谈，从容不迫地说。,Nói năng lưu loát,他一坐下来便侃侃而谈。,,FALSE
,,#NAME?,,#VALUE!,,,TRUE
,,#NAME?,,#VALUE!,,,TRUE
,,#NAME?,,#VALUE!,,,TRUE
,,#NAME?,,#VALUE!,,,TRUE
,,#NAME?,,#VALUE!,,,TRUE
,,#NAME?,,#VALUE!,,,TRUE
,,#NAME?,,#VALUE!,,,TRUE
,,#NAME?,,#VALUE!,,,TRUE
,,#NAME?,,#VALUE!,,,TRUE
,,#NAME?,,#VALUE!,,,TRUE
,,#NAME?,,#VALUE!,,,TRUE
,,#NAME?,,#VALUE!,,,TRUE
,,#NAME?,,#VALUE!,,,TRUE
,,#NAME?,,#VALUE!,,,TRUE
,,#NAME?,,#VALUE!,,,TRUE
,,#NAME?,,#VALUE!,,,TRUE
,,#NAME?,,#VALUE!,,,TRUE
,,#NAME?,,#VALUE!,,,TRUE
,,#NAME?,,#VALUE!,,,TRUE
,,#NAME?,,#VALUE!,,,TRUE
,,#NAME?,,#VALUE!,,,TRUE
,,#NAME?,,#VALUE!,,,TRUE
,,#NAME?,,#VALUE!,,,TRUE
,,#NAME?,,#VALUE!,,,TRUE
,,#NAME?,,#VALUE!,,,TRUE
,,#NAME?,,#VALUE!,,,TRUE
,,#NAME?,,#VALUE!,,,TRUE
,,#NAME?,,#VALUE!,,,TRUE
,,#NAME?,,#VALUE!,,,TRUE
,,#NAME?,,#VALUE!,,,TRUE
,,#NAME?,,#VALUE!,,,TRUE
,,#NAME?,,#VALUE!,,,TRUE
,,#NAME?,,#VALUE!,,,TRUE
,,#NAME?,,#VALUE!,,,TRUE
,,#NAME?,,#VALUE!,,,TRUE
,,#NAME?,,#VALUE!,,,TRUE
,,#NAME?,,#VALUE!,,,TRUE
,,#NAME?,,#VALUE!,,,TRUE
,,#NAME?,,#VALUE!,,,TRUE
,,#NAME?,,#VALUE!,,,TRUE
,,#NAME?,,#VALUE!,,,TRUE
,,#NAME?,,#VALUE!,,,TRUE
,,#NAME?,,#VALUE!,,,TRUE
,,#NAME?,,#VALUE!,,,TRUE
,,#NAME?,,#VALUE!,,,TRUE
,,#NAME?,,#VALUE!,,,TRUE
,,#NAME?,,#VALUE!,,,TRUE
,,#NAME?,,#VALUE!,,,TRUE
,,#NAME?,,#VALUE!,,,TRUE
,,#NAME?,,#VALUE!,,,TRUE
,,#NAME?,,#VALUE!,,,TRUE
,,#NAME?,,#VALUE!,,,TRUE
,,#NAME?,,#VALUE!,,,TRUE
,,#NAME?,,#VALUE!,,,TRUE
,,#NAME?,,#VALUE!,,,TRUE
,,#NAME?,,#VALUE!,,,TRUE
,,#NAME?,,#VALUE!,,,TRUE
,,#NAME?,,#VALUE!,,,TRUE
,,#NAME?,,#VALUE!,,,TRUE
,,#NAME?,,#VALUE!,,,TRUE
,,#NAME?,,#VALUE!,,,TRUE
,,#NAME?,,#VALUE!,,,TRUE
,,#NAME?,,#VALUE!,,,TRUE
,,#NAME?,,#VALUE!,,,TRUE
,,#NAME?,,#VALUE!,,,TRUE
,,#NAME?,,#VALUE!,,,TRUE
,,#NAME?,,#VALUE!,,,TRUE
,,#NAME?,,#VALUE!,,,TRUE
,,#NAME?,,#VALUE!,,,TRUE
,,#NAME?,,#VALUE!,,,TRUE
,,#NAME?,,#VALUE!,,,TRUE
,,#NAME?,,#VALUE!,,,TRUE
,,#NAME?,,#VALUE!,,,TRUE
,,#NAME?,,#VALUE!,,,TRUE
,,#NAME?,,#VALUE!,,,TRUE
,,#NAME?,,#VALUE!,,,TRUE
,,#NAME?,,#VALUE!,,,TRUE
,,#NAME?,,#VALUE!,,,TRUE
,,#NAME?,,#VALUE!,,,TRUE
,,#NAME?,,#VALUE!,,,TRUE
,,#NAME?,,#VALUE!,,,TRUE
,,#NAME?,,#VALUE!,,,TRUE
,,#NAME?,,#VALUE!,,,TRUE
,,#NAME?,,#VALUE!,,,TRUE
,,#NAME?,,#VALUE!,,,TRUE
,,#NAME?,,#VALUE!,,,TRUE
,,#NAME?,,#VALUE!,,,TRUE
,,#NAME?,,#VALUE!,,,TRUE
,,#NAME?,,#VALUE!,,,TRUE
,,#NAME?,,#VALUE!,,,TRUE
,,#NAME?,,#VALUE!,,,TRUE
,,#NAME?,,#VALUE!,,,TRUE
,,#NAME?,,#VALUE!,,,TRUE
,,#NAME?,,#VALUE!,,,TRUE
,,#NAME?,,#VALUE!,,,TRUE
,,#NAME?,,#VALUE!,,,TRUE
,,#NAME?,,#VALUE!,,,TRUE
,,#NAME?,,#VALUE!,,,TRUE
,,#NAME?,,#VALUE!,,,TRUE
,,#NAME?,,#VALUE!,,,TRUE
,,#NAME?,,#VALUE!,,,TRUE
,,#NAME?,,#VALUE!,,,TRUE
,,#NAME?,,#VALUE!,,,TRUE
,,#NAME?,,#VALUE!,,,TRUE
,,#NAME?,,#VALUE!,,,TRUE
,,#NAME?,,#VALUE!,,,TRUE
,,#NAME?,,#VALUE!,,,TRUE
,,#NAME?,,#VALUE!,,,TRUE
,,#NAME?,,#VALUE!,,,TRUE
,,#NAME?,,#VALUE!,,,TRUE
,,#NAME?,,#VALUE!,,,TRUE
,,#NAME?,,#VALUE!,,,TRUE
,,#NAME?,,#VALUE!,,,TRUE
,,#NAME?,,#VALUE!,,,TRUE
,,#NAME?,,#VALUE!,,,TRUE
,,#NAME?,,#VALUE!,,,TRUE
,,#NAME?,,#VALUE!,,,TRUE
,,#NAME?,,#VALUE!,,,TRUE
,,#NAME?,,#VALUE!,,,TRUE
,,#NAME?,,#VALUE!,,,TRUE
,,#NAME?,,#VALUE!,,,TRUE
,,#NAME?,,#VALUE!,,,TRUE
,,#NAME?,,#VALUE!,,,TRUE
,,#NAME?,,#VALUE!,,,TRUE
,,#NAME?,,#VALUE!,,,TRUE
,,#NAME?,,#VALUE!,,,TRUE
,,#NAME?,,#VALUE!,,,TRUE
,,#NAME?,,#VALUE!,,,TRUE
,,#NAME?,,#VALUE!,,,TRUE
,,#NAME?,,#VALUE!,,,TRUE
,,#NAME?,,#VALUE!,,,TRUE
,,#NAME?,,#VALUE!,,,TRUE
,,#NAME?,,#VALUE!,,,TRUE
,,#NAME?,,#VALUE!,,,TRUE
,,#NAME?,,#VALUE!,,,TRUE
,,#NAME?,,#VALUE!,,,TRUE
,,#NAME?,,#VALUE!,,,TRUE
,,#NAME?,,#VALUE!,,,TRUE
,,#NAME?,,#VALUE!,,,TRUE
,,#NAME?,,#VALUE!,,,TRUE
,,#NAME?,,#VALUE!,,,TRUE
,,#NAME?,,#VALUE!,,,TRUE
,,#NAME?,,#VALUE!,,,TRUE
,,#NAME?,,#VALUE!,,,TRUE
,,#NAME?,,#VALUE!,,,TRUE
,,#NAME?,,#VALUE!,,,TRUE
,,#NAME?,,#VALUE!,,,TRUE
,,#NAME?,,#VALUE!,,,TRUE
,,#NAME?,,#VALUE!,,,TRUE
,,#NAME?,,#VALUE!,,,TRUE
,,#NAME?,,#VALUE!,,,TRUE
,,#NAME?,,#VALUE!,,,TRUE
,,#NAME?,,#VALUE!,,,TRUE
,,#NAME?,,#VALUE!,,,TRUE
,,#NAME?,,#VALUE!,,,TRUE
,,#NAME?,,#VALUE!,,,TRUE
,,#NAME?,,#VALUE!,,,TRUE
,,#NAME?,,#VALUE!,,,TRUE
,,#NAME?,,#VALUE!,,,TRUE
,,#NAME?,,#VALUE!,,,TRUE
,,#NAME?,,#VALUE!,,,TRUE
,,#NAME?,,#VALUE!,,,TRUE
,,#NAME?,,#VALUE!,,,TRUE
,,#NAME?,,#VALUE!,,,TRUE
,,#NAME?,,#VALUE!,,,TRUE
,,#NAME?,,#VALUE!,,,TRUE
,,#NAME?,,#VALUE!,,,TRUE
,,#NAME?,,#VALUE!,,,TRUE
,,#NAME?,,#VALUE!,,,TRUE
,,#NAME?,,#VALUE!,,,TRUE
,,#NAME?,,#VALUE!,,,TRUE
,,#NAME?,,#VALUE!,,,TRUE
,,#NAME?,,#VALUE!,,,TRUE
,,#NAME?,,#VALUE!,,,TRUE
,,#NAME?,,#VALUE!,,,TRUE
,,#NAME?,,#VALUE!,,,TRUE
,,#NAME?,,#VALUE!,,,TRUE
,,#NAME?,,#VALUE!,,,TRUE
,,#NAME?,,#VALUE!,,,TRUE
,,#NAME?,,#VALUE!,,,TRUE
,,#NAME?,,#VALUE!,,,TRUE
,,#NAME?,,#VALUE!,,,TRUE
,,#NAME?,,#VALUE!,,,TRUE
,,#NAME?,,#VALUE!,,,TRUE
,,#NAME?,,#VALUE!,,,TRUE
,,#NAME?,,#VALUE!,,,TRUE
,,#NAME?,,#VALUE!,,,TRUE
,,#NAME?,,#VALUE!,,,TRUE
,,#NAME?,,#VALUE!,,,TRUE
,,#NAME?,,#VALUE!,,,TRUE
,,#NAME?,,#VALUE!,,,TRUE
,,#NAME?,,#VALUE!,,,TRUE
,,#NAME?,,#VALUE!,,,TRUE
,,#NAME?,,#VALUE!,,,TRUE
,,#NAME?,,#VALUE!,,,TRUE
,,#NAME?,,#VALUE!,,,TRUE
,,#NAME?,,#VALUE!,,,TRUE
,,#NAME?,,#VALUE!,,,TRUE
,,#NAME?,,#VALUE!,,,TRUE
,,#NAME?,,#VALUE!,,,TRUE
,,#NAME?,,#VALUE!,,,TRUE
,,#NAME?,,#VALUE!,,,TRUE
,,#NAME?,,#VALUE!,,,TRUE
,,#NAME?,,#VALUE!,,,TRUE
,,#NAME?,,#VALUE!,,,TRUE
,,#NAME?,,#VALUE!,,,TRUE
,,#NAME?,,#VALUE!,,,TRUE
,,#NAME?,,#VALUE!,,,TRUE
,,#NAME?,,#VALUE!,,,TRUE
,,#NAME?,,#VALUE!,,,TRUE
,,#NAME?,,#VALUE!,,,TRUE
,,#NAME?,,#VALUE!,,,TRUE
,,#NAME?,,#VALUE!,,,TRUE
,,#NAME?,,#VALUE!,,,TRUE
,,#NAME?,,#VALUE!,,,TRUE
,,#NAME?,,#VALUE!,,,TRUE
,,#NAME?,,#VALUE!,,,TRUE
,,#NAME?,,#VALUE!,,,TRUE
,,#NAME?,,#VALUE!,,,TRUE
,,#NAME?,,#VALUE!,,,TRUE
,,#NAME?,,#VALUE!,,,TRUE
,,#NAME?,,#VALUE!,,,TRUE
,,#NAME?,,#VALUE!,,,TRUE
,,#NAME?,,#VALUE!,,,TRUE
,,#NAME?,,#VALUE!,,,TRUE
,,#NAME?,,#VALUE!,,,TRUE
,,#NAME?,,#VALUE!,,,TRUE
,,#NAME?,,#VALUE!,,,TRUE
,,#NAME?,,#VALUE!,,,TRUE
,,#NAME?,,#VALUE!,,,TRUE
,,#NAME?,,#VALUE!,,,TRUE
,,#NAME?,,#VALUE!,,,TRUE
,,#NAME?,,#VALUE!,,,TRUE
,,#NAME?,,#VALUE!,,,TRUE
,,#NAME?,,#VALUE!,,,TRUE
,,#NAME?,,#VALUE!,,,TRUE
,,#NAME?,,#VALUE!,,,TRUE
,,#NAME?,,#VALUE!,,,TRUE
,,#NAME?,,#VALUE!,,,TRUE
,,#NAME?,,#VALUE!,,,TRUE
,,#NAME?,,#VALUE!,,,TRUE
,,#NAME?,,#VALUE!,,,TRUE
,,#NAME?,,#VALUE!,,,TRUE
,,#NAME?,,#VALUE!,,,TRUE
,,#NAME?,,#VALUE!,,,TRUE
,,#NAME?,,#VALUE!,,,TRUE
,,#NAME?,,#VALUE!,,,TRUE
,,#NAME?,,#VALUE!,,,TRUE
,,#NAME?,,#VALUE!,,,TRUE
,,#NAME?,,#VALUE!,,,TRUE
,,#NAME?,,#VALUE!,,,TRUE
,,#NAME?,,#VALUE!,,,TRUE
,,#NAME?,,#VALUE!,,,TRUE
,,#NAME?,,#VALUE!,,,TRUE
,,#NAME?,,#VALUE!,,,TRUE
,,#NAME?,,#VALUE!,,,TRUE
,,#NAME?,,#VALUE!,,,TRUE
,,#NAME?,,#VALUE!,,,TRUE
,,#NAME?,,#VALUE!,,,TRUE
,,#NAME?,,#VALUE!,,,TRUE
,,#NAME?,,#VALUE!,,,TRUE
,,#NAME?,,#VALUE!,,,TRUE
,,#NAME?,,#VALUE!,,,TRUE
,,#NAME?,,#VALUE!,,,TRUE
,,#NAME?,,#VALUE!,,,TRUE
,,#NAME?,,#VALUE!,,,TRUE
,,#NAME?,,#VALUE!,,,TRUE
,,#NAME?,,#VALUE!,,,TRUE
,,#NAME?,,#VALUE!,,,TRUE
,,#NAME?,,#VALUE!,,,TRUE
,,#NAME?,,#VALUE!,,,TRUE
,,#NAME?,,#VALUE!,,,TRUE
,,#NAME?,,#VALUE!,,,TRUE
,,#NAME?,,#VALUE!,,,TRUE
,,#NAME?,,#VALUE!,,,TRUE
,,#NAME?,,#VALUE!,,,TRUE
,,#NAME?,,#VALUE!,,,TRUE
,,#NAME?,,#VALUE!,,,TRUE
,,#NAME?,,#VALUE!,,,TRUE
,,#NAME?,,#VALUE!,,,TRUE
,,#NAME?,,#VALUE!,,,TRUE
,,#NAME?,,#VALUE!,,,TRUE
,,#NAME?,,#VALUE!,,,TRUE
,,#NAME?,,#VALUE!,,,TRUE
,,#NAME?,,#VALUE!,,,TRUE
,,#NAME?,,#VALUE!,,,TRUE
,,#NAME?,,#VALUE!,,,TRUE
,,#NAME?,,#VALUE!,,,TRUE
,,#NAME?,,#VALUE!,,,TRUE
,,#NAME?,,#VALUE!,,,TRUE
,,#NAME?,,#VALUE!,,,TRUE
,,#NAME?,,#VALUE!,,,TRUE
,,#NAME?,,#VALUE!,,,TRUE
,,#NAME?,,#VALUE!,,,TRUE
,,#NAME?,,#VALUE!,,,TRUE
,,#NAME?,,#VALUE!,,,TRUE
,,#NAME?,,#VALUE!,,,TRUE
,,#NAME?,,#VALUE!,,,TRUE
,,#NAME?,,#VALUE!,,,TRUE
,,#NAME?,,#VALUE!,,,TRUE
,,#NAME?,,#VALUE!,,,TRUE
,,#NAME?,,#VALUE!,,,TRUE
,,#NAME?,,#VALUE!,,,TRUE
,,#NAME?,,#VALUE!,,,TRUE
,,#NAME?,,#VALUE!,,,TRUE
,,#NAME?,,#VALUE!,,,TRUE
,,#NAME?,,#VALUE!,,,TRUE
,,#NAME?,,#VALUE!,,,TRUE
,,#NAME?,,#VALUE!,,,TRUE
,,#NAME?,,#VALUE!,,,TRUE
,,#NAME?,,#VALUE!,,,TRUE
,,#NAME?,,#VALUE!,,,TRUE
,,#NAME?,,#VALUE!,,,TRUE
,,#NAME?,,#VALUE!,,,TRUE
,,#NAME?,,#VALUE!,,,TRUE
,,#NAME?,,#VALUE!,,,TRUE
,,#NAME?,,#VALUE!,,,TRUE
,,#NAME?,,#VALUE!,,,TRUE
,,#NAME?,,#VALUE!,,,TRUE
,,#NAME?,,#VALUE!,,,TRUE
,,#NAME?,,#VALUE!,,,TRUE
,,#NAME?,,#VALUE!,,,TRUE
,,#NAME?,,#VALUE!,,,TRUE
,,#NAME?,,#VALUE!,,,TRUE
,,#NAME?,,#VALUE!,,,TRUE
,,#NAME?,,#VALUE!,,,TRUE
,,#NAME?,,#VALUE!,,,TRUE
,,#NAME?,,#VALUE!,,,TRUE
,,#NAME?,,#VALUE!,,,TRUE
,,#NAME?,,#VALUE!,,,TRUE
,,#NAME?,,#VALUE!,,,TRUE
,,#NAME?,,#VALUE!,,,TRUE
,,#NAME?,,#VALUE!,,,TRUE
,,#NAME?,,#VALUE!,,,TRUE
,,#NAME?,,#VALUE!,,,TRUE
,,#NAME?,,#VALUE!,,,TRUE
,,#NAME?,,#VALUE!,,,TRUE
,,#NAME?,,#VALUE!,,,TRUE
,,#NAME?,,#VALUE!,,,TRUE
,,#NAME?,,#VALUE!,,,TRUE
,,#NAME?,,#VALUE!,,,TRUE
,,#NAME?,,#VALUE!,,,TRUE
,,#NAME?,,#VALUE!,,,TRUE
,,#NAME?,,#VALUE!,,,TRUE
,,#NAME?,,#VALUE!,,,TRUE
,,#NAME?,,#VALUE!,,,TRUE
,,#NAME?,,#VALUE!,,,TRUE
,,#NAME?,,#VALUE!,,,TRUE
,,#NAME?,,#VALUE!,,,TRUE
,,#NAME?,,#VALUE!,,,TRUE
,,#NAME?,,#VALUE!,,,TRUE
,,#NAME?,,#VALUE!,,,TRUE
,,#NAME?,,#VALUE!,,,TRUE
,,#NAME?,,#VALUE!,,,TRUE
,,#NAME?,,#VALUE!,,,TRUE
,,#NAME?,,#VALUE!,,,TRUE
,,#NAME?,,#VALUE!,,,TRUE
,,#NAME?,,#VALUE!,,,TRUE
,,#NAME?,,#VALUE!,,,TRUE
,,#NAME?,,#VALUE!,,,TRUE
,,#NAME?,,#VALUE!,,,TRUE
,,#NAME?,,#VALUE!,,,TRUE
,,#NAME?,,#VALUE!,,,TRUE
,,#NAME?,,#VALUE!,,,TRUE
,,#NAME?,,#VALUE!,,,TRUE
,,#NAME?,,#VALUE!,,,TRUE
,,#NAME?,,#VALUE!,,,TRUE
,,#NAME?,,#VALUE!,,,TRUE
,,#NAME?,,#VALUE!,,,TRUE
,,#NAME?,,#VALUE!,,,TRUE
,,#NAME?,,#VALUE!,,,TRUE
,,#NAME?,,#VALUE!,,,TRUE
,,#NAME?,,#VALUE!,,,TRUE
,,#NAME?,,#VALUE!,,,TRUE
,,#NAME?,,#VALUE!,,,TRUE
,,#NAME?,,#VALUE!,,,TRUE
,,#NAME?,,#VALUE!,,,TRUE
,,#NAME?,,#VALUE!,,,TRUE
,,#NAME?,,#VALUE!,,,TRUE
,,#NAME?,,#VALUE!,,,TRUE
,,#NAME?,,#VALUE!,,,TRUE
,,#NAME?,,#VALUE!,,,TRUE
,,#NAME?,,#VALUE!,,,TRUE
,,#NAME?,,#VALUE!,,,TRUE
,,#NAME?,,#VALUE!,,,TRUE
,,#NAME?,,#VALUE!,,,TRUE
,,#NAME?,,#VALUE!,,,TRUE
,,#NAME?,,#VALUE!,,,TRUE
,,#NAME?,,#VALUE!,,,TRUE
,,#NAME?,,#VALUE!,,,TRUE
,,#NAME?,,#VALUE!,,,TRUE
,,#NAME?,,#VALUE!,,,TRUE
,,#NAME?,,#VALUE!,,,TRUE
,,#NAME?,,#VALUE!,,,TRUE
,,#NAME?,,#VALUE!,,,TRUE
,,#NAME?,,#VALUE!,,,TRUE
,,#NAME?,,#VALUE!,,,TRUE
,,#NAME?,,#VALUE!,,,TRUE
,,#NAME?,,#VALUE!,,,TRUE
,,#NAME?,,#VALUE!,,,TRUE
,,#NAME?,,#VALUE!,,,TRUE
,,#NAME?,,#VALUE!,,,TRUE
,,#NAME?,,#VALUE!,,,TRUE
,,#NAME?,,#VALUE!,,,TRUE
,,#NAME?,,#VALUE!,,,TRUE
,,#NAME?,,#VALUE!,,,TRUE
,,#NAME?,,#VALUE!,,,TRUE
,,#NAME?,,#VALUE!,,,TRUE
,,#NAME?,,#VALUE!,,,TRUE
,,#NAME?,,#VALUE!,,,TRUE
,,#NAME?,,#VALUE!,,,TRUE
,,#NAME?,,#VALUE!,,,TRUE
,,#NAME?,,#VALUE!,,,TRUE
,,#NAME?,,#VALUE!,,,TRUE
,,#NAME?,,#VALUE!,,,TRUE
,,#NAME?,,#VALUE!,,,TRUE
,,#NAME?,,#VALUE!,,,TRUE
,,#NAME?,,#VALUE!,,,TRUE
,,#NAME?,,#VALUE!,,,TRUE
,,#NAME?,,#VALUE!,,,TRUE
,,#NAME?,,#VALUE!,,,TRUE
,,#NAME?,,#VALUE!,,,TRUE
,,#NAME?,,#VALUE!,,,TRUE
,,#NAME?,,#VALUE!,,,TRUE
,,#NAME?,,#VALUE!,,,TRUE
,,#NAME?,,#VALUE!,,,TRUE
,,#NAME?,,#VALUE!,,,TRUE
,,#NAME?,,#VALUE!,,,TRUE
,,#NAME?,,#VALUE!,,,TRUE
,,#NAME?,,#VALUE!,,,TRUE
,,#NAME?,,#VALUE!,,,TRUE
,,#NAME?,,#VALUE!,,,TRUE
,,#NAME?,,#VALUE!,,,TRUE
,,#NAME?,,#VALUE!,,,TRUE
,,#NAME?,,#VALUE!,,,TRUE
,,#NAME?,,#VALUE!,,,TRUE
,,#NAME?,,#VALUE!,,,TRUE
,,#NAME?,,#VALUE!,,,TRUE
,,#NAME?,,#VALUE!,,,TRUE
,,#NAME?,,#VALUE!,,,TRUE
,,#NAME?,,#VALUE!,,,TRUE
,,#NAME?,,#VALUE!,,,TRUE
,,#NAME?,,#VALUE!,,,TRUE
,,#NAME?,,#VALUE!,,,TRUE
,,#NAME?,,#VALUE!,,,TRUE
,,#NAME?,,#VALUE!,,,TRUE
,,#NAME?,,#VALUE!,,,TRUE
,,#NAME?,,#VALUE!,,,TRUE
,,#NAME?,,#VALUE!,,,TRUE
,,#NAME?,,#VALUE!,,,TRUE
,,#NAME?,,#VALUE!,,,TRUE
,,#NAME?,,#VALUE!,,,TRUE
,,#NAME?,,#VALUE!,,,TRUE
,,#NAME?,,#VALUE!,,,TRUE
,,#NAME?,,#VALUE!,,,TRUE
,,#NAME?,,#VALUE!,,,TRUE
,,#NAME?,,#VALUE!,,,TRUE
,,#NAME?,,#VALUE!,,,TRUE
,,#NAME?,,#VALUE!,,,TRUE
,,#NAME?,,#VALUE!,,,TRUE
,,#NAME?,,#VALUE!,,,TRUE
,,#NAME?,,#VALUE!,,,TRUE
,,#NAME?,,#VALUE!,,,TRUE
,,#NAME?,,#VALUE!,,,TRUE
,,#NAME?,,#VALUE!,,,TRUE
,,#NAME?,,#VALUE!,,,TRUE
,,#NAME?,,#VALUE!,,,TRUE
,,#NAME?,,#VALUE!,,,TRUE
,,#NAME?,,#VALUE!,,,TRUE
,,#NAME?,,#VALUE!,,,TRUE
,,#NAME?,,#VALUE!,,,TRUE
,,#NAME?,,#VALUE!,,,TRUE
,,#NAME?,,#VALUE!,,,TRUE
,,#NAME?,,#VALUE!,,,TRUE
,,#NAME?,,#VALUE!,,,TRUE
,,#NAME?,,#VALUE!,,,TRUE
,,#NAME?,,#VALUE!,,,TRUE
,,#NAME?,,#VALUE!,,,TRUE
,,#NAME?,,#VALUE!,,,TRUE
,,#NAME?,,#VALUE!,,,TRUE
,,#NAME?,,#VALUE!,,,TRUE
,,#NAME?,,#VALUE!,,,TRUE
,,#NAME?,,#VALUE!,,,TRUE
,,#NAME?,,#VALUE!,,,TRUE
,,#NAME?,,#VALUE!,,,TRUE
,,#NAME?,,#VALUE!,,,TRUE
,,#NAME?,,#VALUE!,,,TRUE
,,#NAME?,,#VALUE!,,,TRUE
,,#NAME?,,#VALUE!,,,TRUE
,,#NAME?,,#VALUE!,,,TRUE
,,#NAME?,,#VALUE!,,,TRUE
,,#NAME?,,#VALUE!,,,TRUE
,,#NAME?,,#VALUE!,,,TRUE
,,#NAME?,,#VALUE!,,,TRUE
,,#NAME?,,#VALUE!,,,TRUE
,,#NAME?,,#VALUE!,,,TRUE
,,#NAME?,,#VALUE!,,,TRUE
,,#NAME?,,#VALUE!,,,TRUE
,,#NAME?,,#VALUE!,,,TRUE
,,#NAME?,,#VALUE!,,,TRUE
,,#NAME?,,#VALUE!,,,TRUE
,,#NAME?,,#VALUE!,,,TRUE
,,#NAME?,,#VALUE!,,,TRUE
,,#NAME?,,#VALUE!,,,TRUE
,,#NAME?,,#VALUE!,,,TRUE
,,#NAME?,,#VALUE!,,,TRUE
,,#NAME?,,#VALUE!,,,TRUE
,,#NAME?,,#VALUE!,,,TRUE
,,#NAME?,,#VALUE!,,,TRUE
,,#NAME?,,#VALUE!,,,TRUE
,,#NAME?,,#VALUE!,,,TRUE
,,#NAME?,,#VALUE!,,,TRUE
,,#NAME?,,#VALUE!,,,TRUE
,,#NAME?,,#VALUE!,,,TRUE
,,#NAME?,,#VALUE!,,,TRUE
,,#NAME?,,#VALUE!,,,TRUE
,,#NAME?,,#VALUE!,,,TRUE
,,#NAME?,,#VALUE!,,,TRUE
,,#NAME?,,#VALUE!,,,TRUE
,,#NAME?,,#VALUE!,,,TRUE
,,#NAME?,,#VALUE!,,,TRUE
,,#NAME?,,#VALUE!,,,TRUE
,,#NAME?,,#VALUE!,,,TRUE
,,#NAME?,,#VALUE!,,,TRUE
,,#NAME?,,#VALUE!,,,TRUE
,,#NAME?,,#VALUE!,,,TRUE
,,#NAME?,,#VALUE!,,,TRUE
,,#NAME?,,#VALUE!,,,TRUE
,,#NAME?,,#VALUE!,,,TRUE
,,#NAME?,,#VALUE!,,,TRUE
,,#NAME?,,#VALUE!,,,TRUE
,,#NAME?,,#VALUE!,,,TRUE
,,#NAME?,,#VALUE!,,,TRUE
,,#NAME?,,#VALUE!,,,TRUE
,,#NAME?,,#VALUE!,,,TRUE
,,#NAME?,,#VALUE!,,,TRUE
,,#NAME?,,#VALUE!,,,TRUE
,,#NAME?,,#VALUE!,,,TRUE
,,#NAME?,,#VALUE!,,,TRUE
,,#NAME?,,#VALUE!,,,TRUE
,,#NAME?,,#VALUE!,,,TRUE
,,#NAME?,,#VALUE!,,,TRUE
,,#NAME?,,#VALUE!,,,TRUE
,,#NAME?,,#VALUE!,,,TRUE
,,#NAME?,,#VALUE!,,,TRUE
,,#NAME?,,#VALUE!,,,TRUE
,,#NAME?,,#VALUE!,,,TRUE
,,#NAME?,,#VALUE!,,,TRUE
,,#NAME?,,#VALUE!,,,TRUE
,,#NAME?,,#VALUE!,,,TRUE
,,#NAME?,,#VALUE!,,,TRUE
,,#NAME?,,#VALUE!,,,TRUE
,,#NAME?,,#VALUE!,,,TRUE
,,#NAME?,,#VALUE!,,,TRUE
,,#NAME?,,#VALUE!,,,TRUE
,,#NAME?,,#VALUE!,,,TRUE
,,#NAME?,,#VALUE!,,,TRUE
,,#NAME?,,#VALUE!,,,TRUE
,,#NAME?,,#VALUE!,,,TRUE
,,#NAME?,,#VALUE!,,,TRUE
,,#NAME?,,#VALUE!,,,TRUE
,,#NAME?,,#VALUE!,,,TRUE
,,#NAME?,,#VALUE!,,,TRUE
,,#NAME?,,#VALUE!,,,TRUE
,,#NAME?,,#VALUE!,,,TRUE
,,#NAME?,,#VALUE!,,,TRUE
,,#NAME?,,#VALUE!,,,TRUE
,,#NAME?,,#VALUE!,,,TRUE
,,#NAME?,,#VALUE!,,,TRUE
,,#NAME?,,#VALUE!,,,TRUE
,,#NAME?,,#VALUE!,,,TRUE
,,#NAME?,,#VALUE!,,,TRUE
,,#NAME?,,#VALUE!,,,TRUE
,,#NAME?,,#VALUE!,,,TRUE
,,#NAME?,,#VALUE!,,,TRUE
,,#NAME?,,#VALUE!,,,TRUE
,,#NAME?,,#VALUE!,,,TRUE
,,#NAME?,,#VALUE!,,,TRUE
,,#NAME?,,#VALUE!,,,TRUE
,,#NAME?,,#VALUE!,,,TRUE
,,#NAME?,,#VALUE!,,,TRUE
,,#NAME?,,#VALUE!,,,TRUE
,,#NAME?,,#VALUE!,,,TRUE
,,#NAME?,,#VALUE!,,,TRUE
,,#NAME?,,#VALUE!,,,TRUE
,,#NAME?,,#VALUE!,,,TRUE
,,#NAME?,,#VALUE!,,,TRUE
,,#NAME?,,#VALUE!,,,TRUE
,,#NAME?,,#VALUE!,,,TRUE
,,#NAME?,,#VALUE!,,,TRUE
,,#NAME?,,#VALUE!,,,TRUE
,,#NAME?,,#VALUE!,,,TRUE
,,#NAME?,,#VALUE!,,,TRUE
,,#NAME?,,#VALUE!,,,TRUE
,,#NAME?,,#VALUE!,,,TRUE
,,#NAME?,,#VALUE!,,,TRUE
,,#NAME?,,#VALUE!,,,TRUE
,,#NAME?,,#VALUE!,,,TRUE
,,#NAME?,,#VALUE!,,,TRUE
,,#NAME?,,#VALUE!,,,TRUE
,,#NAME?,,#VALUE!,,,TRUE
,,#NAME?,,#VALUE!,,,TRUE
,,#NAME?,,#VALUE!,,,TRUE
,,#NAME?,,#VALUE!,,,TRUE
,,#NAME?,,#VALUE!,,,TRUE
,,#NAME?,,#VALUE!,,,TRUE
,,#NAME?,,#VALUE!,,,TRUE
,,#NAME?,,#VALUE!,,,TRUE
,,#NAME?,,#VALUE!,,,TRUE
,,#NAME?,,#VALUE!,,,TRUE
,,#NAME?,,#VALUE!,,,TRUE
,,#NAME?,,#VALUE!,,,TRUE
,,#NAME?,,#VALUE!,,,TRUE
,,#NAME?,,#VALUE!,,,TRUE
,,#NAME?,,#VALUE!,,,TRUE
,,#NAME?,,#VALUE!,,,TRUE
,,#NAME?,,#VALUE!,,,TRUE
,,#NAME?,,#VALUE!,,,TRUE
,,#NAME?,,#VALUE!,,,TRUE
,,#NAME?,,#VALUE!,,,TRUE
,,#NAME?,,#VALUE!,,,TRUE
,,#NAME?,,#VALUE!,,,TRUE
,,#NAME?,,#VALUE!,,,TRUE
,,#NAME?,,#VALUE!,,,TRUE
,,#NAME?,,#VALUE!,,,TRUE
,,#NAME?,,#VALUE!,,,TRUE
,,#NAME?,,#VALUE!,,,TRUE
,,#NAME?,,#VALUE!,,,TRUE
,,#NAME?,,#VALUE!,,,TRUE
,,#NAME?,,#VALUE!,,,TRUE
,,#NAME?,,#VALUE!,,,TRUE
,,#NAME?,,#VALUE!,,,TRUE
,,#NAME?,,#VALUE!,,,TRUE
,,#NAME?,,#VALUE!,,,TRUE
,,#NAME?,,#VALUE!,,,TRUE
,,#NAME?,,#VALUE!,,,TRUE
,,#NAME?,,#VALUE!,,,TRUE
,,#NAME?,,#VALUE!,,,TRUE
,,#NAME?,,#VALUE!,,,TRUE
,,#NAME?,,#VALUE!,,,TRUE
,,#NAME?,,#VALUE!,,,TRUE
,,#NAME?,,#VALUE!,,,TRUE
,,#NAME?,,#VALUE!,,,TRUE
,,#NAME?,,#VALUE!,,,TRUE
,,#NAME?,,#VALUE!,,,TRUE
,,#NAME?,,#VALUE!,,,TRUE
,,#NAME?,,#VALUE!,,,TRUE
,,#NAME?,,#VALUE!,,,TRUE
,,#NAME?,,#VALUE!,,,TRUE
,,#NAME?,,#VALUE!,,,TRUE
,,#NAME?,,#VALUE!,,,TRUE
,,#NAME?,,#VALUE!,,,TRUE
,,#NAME?,,#VALUE!,,,TRUE
,,#NAME?,,#VALUE!,,,TRUE
,,#NAME?,,#VALUE!,,,TRUE
,,#NAME?,,#VALUE!,,,TRUE
,,#NAME?,,#VALUE!,,,TRUE
,,#NAME?,,#VALUE!,,,TRUE
,,#NAME?,,#VALUE!,,,TRUE
,,#NAME?,,#VALUE!,,,TRUE
,,#NAME?,,#VALUE!,,,TRUE
,,#NAME?,,#VALUE!,,,TRUE
,,#NAME?,,#VALUE!,,,TRUE
,,#NAME?,,#VALUE!,,,TRUE
,,#NAME?,,#VALUE!,,,TRUE
,,#NAME?,,#VALUE!,,,TRUE
,,#NAME?,,#VALUE!,,,TRUE
,,#NAME?,,#VALUE!,,,TRUE
,,#NAME?,,#VALUE!,,,TRUE
,,#NAME?,,#VALUE!,,,TRUE
,,#NAME?,,#VALUE!,,,TRUE
,,#NAME?,,#VALUE!,,,TRUE
,,#NAME?,,#VALUE!,,,TRUE
,,#NAME?,,#VALUE!,,,TRUE
,,#NAME?,,#VALUE!,,,TRUE
,,#NAME?,,#VALUE!,,,TRUE
,,#NAME?,,#VALUE!,,,TRUE
,,#NAME?,,#VALUE!,,,TRUE
,,#NAME?,,#VALUE!,,,TRUE
,,#NAME?,,#VALUE!,,,TRUE
,,#NAME?,,#VALUE!,,,TRUE
,,#NAME?,,#VALUE!,,,TRUE
,,#NAME?,,#VALUE!,,,TRUE
,,#NAME?,,#VALUE!,,,TRUE
,,#NAME?,,#VALUE!,,,TRUE
,,#NAME?,,#VALUE!,,,TRUE
,,#NAME?,,#VALUE!,,,TRUE
,,#NAME?,,#VALUE!,,,TRUE
,,#NAME?,,#VALUE!,,,TRUE
,,#NAME?,,#VALUE!,,,TRUE
,,#NAME?,,#VALUE!,,,TRUE
,,#NAME?,,#VALUE!,,,TRUE
,,#NAME?,,#VALUE!,,,TRUE
,,#NAME?,,#VALUE!,,,TRUE
,,#NAME?,,#VALUE!,,,TRUE
,,#NAME?,,#VALUE!,,,TRUE
,,#NAME?,,#VALUE!,,,TRUE
,,#NAME?,,#VALUE!,,,TRUE
,,#NAME?,,#VALUE!,,,TRUE
,,#NAME?,,#VALUE!,,,TRUE
,,#NAME?,,#VALUE!,,,TRUE
,,#NAME?,,#VALUE!,,,TRUE
,,#NAME?,,#VALUE!,,,TRUE
,,#NAME?,,#VALUE!,,,TRUE
,,#NAME?,,#VALUE!,,,TRUE
,,#NAME?,,#VALUE!,,,TRUE
,,#NAME?,,#VALUE!,,,TRUE
,,#NAME?,,#VALUE!,,,TRUE
,,#NAME?,,#VALUE!,,,TRUE
,,#NAME?,,#VALUE!,,,TRUE
,,#NAME?,,#VALUE!,,,TRUE
,,#NAME?,,#VALUE!,,,TRUE
,,#NAME?,,#VALUE!,,,TRUE
,,#NAME?,,#VALUE!,,,TRUE
,,#NAME?,,#VALUE!,,,TRUE
,,#NAME?,,#VALUE!,,,TRUE
,,#NAME?,,#VALUE!,,,TRUE
,,#NAME?,,#VALUE!,,,TRUE
,,#NAME?,,#VALUE!,,,TRUE
,,#NAME?,,#VALUE!,,,TRUE
,,#NAME?,,#VALUE!,,,TRUE
,,#NAME?,,#VALUE!,,,TRUE
,,#NAME?,,#VALUE!,,,TRUE
,,#NAME?,,#VALUE!,,,TRUE
,,#NAME?,,#VALUE!,,,TRUE
,,#NAME?,,#VALUE!,,,TRUE
,,#NAME?,,#VALUE!,,,TRUE
,,#NAME?,,#VALUE!,,,TRUE
,,#NAME?,,#VALUE!,,,TRUE
,,#NAME?,,#VALUE!,,,TRUE
,,#NAME?,,#VALUE!,,,TRUE
,,#NAME?,,#VALUE!,,,TRUE
,,#NAME?,,#VALUE!,,,TRUE
,,#NAME?,,#VALUE!,,,TRUE
,,#NAME?,,#VALUE!,,,TRUE
,,#NAME?,,#VALUE!,,,TRUE
,,#NAME?,,#VALUE!,,,TRUE
,,#NAME?,,#VALUE!,,,TRUE
,,#NAME?,,#VALUE!,,,TRUE
,,#NAME?,,#VALUE!,,,TRUE
,,#NAME?,,#VALUE!,,,TRUE
,,#NAME?,,#VALUE!,,,TRUE
,,#NAME?,,#VALUE!,,,TRUE
,,#NAME?,,#VALUE!,,,TRUE
,,#NAME?,,#VALUE!,,,TRUE
,,#NAME?,,#VALUE!,,,TRUE
,,#NAME?,,#VALUE!,,,TRUE
,,#NAME?,,#VALUE!,,,TRUE
,,#NAME?,,#VALUE!,,,TRUE
,,#NAME?,,#VALUE!,,,TRUE
,,#NAME?,,#VALUE!,,,TRUE
,,#NAME?,,#VALUE!,,,TRUE
,,#NAME?,,#VALUE!,,,TRUE
,,#NAME?,,#VALUE!,,,TRUE
,,#NAME?,,#VALUE!,,,TRUE
,,#NAME?,,#VALUE!,,,TRUE
,,#NAME?,,#VALUE!,,,TRUE
,,#NAME?,,#VALUE!,,,TRUE
,,#NAME?,,#VALUE!,,,TRUE
,,#NAME?,,#VALUE!,,,TRUE
,,#NAME?,,#VALUE!,,,TRUE
,,#NAME?,,#VALUE!,,,TRUE
,,#NAME?,,#VALUE!,,,TRUE
,,#NAME?,,#VALUE!,,,TRUE
,,#NAME?,,#VALUE!,,,TRUE
,,#NAME?,,#VALUE!,,,TRUE
,,#NAME?,,#VALUE!,,,TRUE
,,#NAME?,,#VALUE!,,,TRUE
,,#NAME?,,#VALUE!,,,TRUE
,,#NAME?,,#VALUE!,,,TRUE
,,#NAME?,,#VALUE!,,,TRUE
,,#NAME?,,#VALUE!,,,TRUE
,,#NAME?,,#VALUE!,,,TRUE
,,#NAME?,,#VALUE!,,,TRUE
,,#NAME?,,#VALUE!,,,TRUE
,,#NAME?,,#VALUE!,,,TRUE
,,#NAME?,,#VALUE!,,,TRUE
,,#NAME?,,#VALUE!,,,TRUE
,,#NAME?,,#VALUE!,,,TRUE
,,#NAME?,,#VALUE!,,,TRUE
,,#NAME?,,#VALUE!,,,TRUE
,,#NAME?,,#VALUE!,,,TRUE
,,#NAME?,,#VALUE!,,,TRUE
,,#NAME?,,#VALUE!,,,TRUE
,,#NAME?,,#VALUE!,,,TRUE
,,#NAME?,,#VALUE!,,,TRUE
,,#NAME?,,#VALUE!,,,TRUE
,,#NAME?,,#VALUE!,,,TRUE
,,#NAME?,,#VALUE!,,,TRUE
,,#NAME?,,#VALUE!,,,TRUE
,,#NAME?,,#VALUE!,,,TRUE
,,#NAME?,,#VALUE!,,,TRUE
,,#NAME?,,#VALUE!,,,TRUE
,,#NAME?,,#VALUE!,,,TRUE
,,#NAME?,,#VALUE!,,,TRUE
,,#NAME?,,#VALUE!,,,TRUE
,,#NAME?,,#VALUE!,,,TRUE
,,#NAME?,,#VALUE!,,,TRUE
,,#NAME?,,#VALUE!,,,TRUE
,,#NAME?,,#VALUE!,,,TRUE
,,#NAME?,,#VALUE!,,,TRUE
,,#NAME?,,#VALUE!,,,TRUE
,,#NAME?,,#VALUE!,,,TRUE
,,#NAME?,,#VALUE!,,,TRUE
,,#NAME?,,#VALUE!,,,TRUE
,,#NAME?,,#VALUE!,,,TRUE
,,#NAME?,,#VALUE!,,,TRUE
,,#NAME?,,#VALUE!,,,TRUE
,,#NAME?,,#VALUE!,,,TRUE
,,#NAME?,,#VALUE!,,,TRUE
,,#NAME?,,#VALUE!,,,TRUE
,,#NAME?,,#VALUE!,,,TRUE
,,#NAME?,,#VALUE!,,,TRUE
,,#NAME?,,#VALUE!,,,TRUE
,,#NAME?,,#VALUE!,,,TRUE
,,#NAME?,,#VALUE!,,,TRUE
,,#NAME?,,#VALUE!,,,TRUE
,,#NAME?,,#VALUE!,,,TRUE
,,#NAME?,,#VALUE!,,,TRUE
,,#NAME?,,#VALUE!,,,TRUE
,,#NAME?,,#VALUE!,,,TRUE
,,#NAME?,,#VALUE!,,,TRUE
,,#NAME?,,#VALUE!,,,TRUE
,,#NAME?,,#VALUE!,,,TRUE
,,#NAME?,,#VALUE!,,,TRUE
,,#NAME?,,#VALUE!,,,TRUE
,,#NAME?,,#VALUE!,,,TRUE
,,#NAME?,,#VALUE!,,,TRUE
,,#NAME?,,#VALUE!,,,TRUE
,,#NAME?,,#VALUE!,,,TRUE
,,#NAME?,,#VALUE!,,,TRUE
,,#NAME?,,#VALUE!,,,TRUE
,,#NAME?,,#VALUE!,,,TRUE
,,#NAME?,,#VALUE!,,,TRUE
,,#NAME?,,#VALUE!,,,TRUE
,,#NAME?,,#VALUE!,,,TRUE
,,#NAME?,,#VALUE!,,,TRUE
,,#NAME?,,#VALUE!,,,TRUE
,,#NAME?,,#VALUE!,,,TRUE
,,#NAME?,,#VALUE!,,,TRUE
,,#NAME?,,#VALUE!,,,TRUE
,,#NAME?,,#VALUE!,,,TRUE
,,#NAME?,,#VALUE!,,,TRUE
,,#NAME?,,#VALUE!,,,TRUE
,,#NAME?,,#VALUE!,,,TRUE
,,#NAME?,,#VALUE!,,,TRUE
,,#NAME?,,#VALUE!,,,TRUE
,,#NAME?,,#VALUE!,,,TRUE
,,#NAME?,,#VALUE!,,,TRUE
,,#NAME?,,#VALUE!,,,TRUE
,,#NAME?,,#VALUE!,,,TRUE
,,#NAME?,,#VALUE!,,,TRUE
,,#NAME?,,#VALUE!,,,TRUE
,,#NAME?,,#VALUE!,,,TRUE
,,#NAME?,,#VALUE!,,,TRUE
,,#NAME?,,#VALUE!,,,TRUE
,,#NAME?,,#VALUE!,,,TRUE
,,#NAME?,,#VALUE!,,,TRUE
,,#NAME?,,#VALUE!,,,TRUE
,,#NAME?,,#VALUE!,,,TRUE
,,#NAME?,,#VALUE!,,,TRUE
,,#NAME?,,#VALUE!,,,TRUE
,,#NAME?,,#VALUE!,,,TRUE
,,#NAME?,,#VALUE!,,,TRUE
,,#NAME?,,#VALUE!,,,TRUE
,,#NAME?,,#VALUE!,,,TRUE
,,#NAME?,,#VALUE!,,,TRUE
,,#NAME?,,#VALUE!,,,TRUE
,,#NAME?,,#VALUE!,,,TRUE
,,#NAME?,,#VALUE!,,,TRUE
,,#NAME?,,#VALUE!,,,TRUE
,,#NAME?,,#VALUE!,,,TRUE
,,#NAME?,,#VALUE!,,,TRUE
,,#NAME?,,#VALUE!,,,TRUE
,,#NAME?,,#VALUE!,,,TRUE
,,#NAME?,,#VALUE!,,,TRUE
,,#NAME?,,#VALUE!,,,TRUE
,,#NAME?,,#VALUE!,,,TRUE
,,#NAME?,,#VALUE!,,,TRUE
,,#NAME?,,#VALUE!,,,TRUE
,,#NAME?,,#VALUE!,,,TRUE
,,#NAME?,,#VALUE!,,,TRUE
,,#NAME?,,#VALUE!,,,TRUE
,,#NAME?,,#VALUE!,,,TRUE
,,#NAME?,,#VALUE!,,,TRUE
,,#NAME?,,#VALUE!,,,TRUE
,,#NAME?,,#VALUE!,,,TRUE
,,#NAME?,,#VALUE!,,,TRUE
,,#NAME?,,#VALUE!,,,TRUE
,,#NAME?,,#VALUE!,,,TRUE
,,#NAME?,,#VALUE!,,,TRUE
,,#NAME?,,#VALUE!,,,TRUE
,,#NAME?,,#VALUE!,,,TRUE
,,#NAME?,,#VALUE!,,,TRUE
,,#NAME?,,#VALUE!,,,TRUE
,,#NAME?,,#VALUE!,,,TRUE
,,#NAME?,,#VALUE!,,,TRUE
,,#NAME?,,#VALUE!,,,TRUE
,,#NAME?,,#VALUE!,,,TRUE
,,#NAME?,,#VALUE!,,,TRUE
,,#NAME?,,#VALUE!,,,TRUE
,,#NAME?,,#VALUE!,,,TRUE
,,#NAME?,,#VALUE!,,,TRUE
,,#NAME?,,#VALUE!,,,TRUE
,,#NAME?,,#VALUE!,,,TRUE
,,#NAME?,,#VALUE!,,,TRUE
,,#NAME?,,#VALUE!,,,TRUE
,,#NAME?,,#VALUE!,,,TRUE
,,#NAME?,,#VALUE!,,,TRUE
,,#NAME?,,#VALUE!,,,TRUE
,,#NAME?,,#VALUE!,,,TRUE
,,#NAME?,,#VALUE!,,,TRUE
,,#NAME?,,#VALUE!,,,TRUE
,,#NAME?,,#VALUE!,,,TRUE
,,#NAME?,,#VALUE!,,,TRUE
,,#NAME?,,#VALUE!,,,TRUE
,,#NAME?,,#VALUE!,,,TRUE
,,#NAME?,,#VALUE!,,,TRUE
,,#NAME?,,#VALUE!,,,TRUE
,,#NAME?,,#VALUE!,,,TRUE
,,#NAME?,,#VALUE!,,,TRUE
,,#NAME?,,#VALUE!,,,TRUE
,,#NAME?,,#VALUE!,,,TRUE
,,#NAME?,,#VALUE!,,,TRUE
,,#NAME?,,#VALUE!,,,TRUE
,,#NAME?,,#VALUE!,,,TRUE
,,#NAME?,,#VALUE!,,,TRUE
,,#NAME?,,#VALUE!,,,TRUE
,,#NAME?,,#VALUE!,,,TRUE
,,#NAME?,,#VALUE!,,,TRUE
,,#NAME?,,#VALUE!,,,TRUE
,,#NAME?,,#VALUE!,,,TRUE
,,#NAME?,,#VALUE!,,,TRUE
,,#NAME?,,#VALUE!,,,TRUE
,,#NAME?,,#VALUE!,,,TRUE
,,#NAME?,,#VALUE!,,,TRUE
,,#NAME?,,#VALUE!,,,TRUE
,,#NAME?,,#VALUE!,,,TRUE
,,#NAME?,,#VALUE!,,,TRUE
,,#NAME?,,#VALUE!,,,TRUE
,,#NAME?,,#VALUE!,,,TRUE
,,#NAME?,,#VALUE!,,,TRUE
,,#NAME?,,#VALUE!,,,TRUE
,,#NAME?,,#VALUE!,,,TRUE
,,#NAME?,,#VALUE!,,,TRUE
,,#NAME?,,#VALUE!,,,TRUE
,,#NAME?,,#VALUE!,,,TRUE
,,#NAME?,,#VALUE!,,,TRUE
,,#NAME?,,#VALUE!,,,TRUE
,,#NAME?,,#VALUE!,,,TRUE
,,#NAME?,,#VALUE!,,,TRUE
,,#NAME?,,#VALUE!,,,TRUE
,,#NAME?,,#VALUE!,,,TRUE
,,#NAME?,,#VALUE!,,,TRUE
,,#NAME?,,#VALUE!,,,TRUE
,,#NAME?,,#VALUE!,,,TRUE
,,#NAME?,,#VALUE!,,,TRUE
,,#NAME?,,#VALUE!,,,TRUE
,,#NAME?,,#VALUE!,,,TRUE
,,#NAME?,,#VALUE!,,,TRUE
,,#NAME?,,#VALUE!,,,TRUE
,,#NAME?,,#VALUE!,,,TRUE
,,#NAME?,,#VALUE!,,,TRUE
,,#NAME?,,#VALUE!,,,TRUE
,,#NAME?,,#VALUE!,,,TRUE
,,#NAME?,,#VALUE!,,,TRUE
,,#NAME?,,#VALUE!,,,TRUE
,,#NAME?,,#VALUE!,,,TRUE
,,#NAME?,,#VALUE!,,,TRUE
,,#NAME?,,#VALUE!,,,TRUE
,,#NAME?,,#VALUE!,,,TRUE
,,#NAME?,,#VALUE!,,,TRUE
,,#NAME?,,#VALUE!,,,TRUE
,,#NAME?,,#VALUE!,,,TRUE
,,#NAME?,,#VALUE!,,,TRUE
,,#NAME?,,#VALUE!,,,TRUE
,,#NAME?,,#VALUE!,,,TRUE
,,#NAME?,,#VALUE!,,,TRUE
,,#NAME?,,#VALUE!,,,TRUE
,,#NAME?,,#VALUE!,,,TRUE
,,#NAME?,,#VALUE!,,,TRUE
,,#NAME?,,#VALUE!,,,TRUE
,,#NAME?,,#VALUE!,,,TRUE
,,#NAME?,,#VALUE!,,,TRUE
,,#NAME?,,#VALUE!,,,TRUE
,,#NAME?,,#VALUE!,,,TRUE
,,#NAME?,,#VALUE!,,,TRUE
,,#NAME?,,#VALUE!,,,TRUE
,,#NAME?,,#VALUE!,,,TRUE
,,#NAME?,,#VALUE!,,,TRUE
,,#NAME?,,#VALUE!,,,TRUE
,,#NAME?,,#VALUE!,,,TRUE
,,#NAME?,,#VALUE!,,,TRUE
,,#NAME?,,#VALUE!,,,TRUE
,,#NAME?,,#VALUE!,,,TRUE
,,#NAME?,,#VALUE!,,,TRUE
,,#NAME?,,#VALUE!,,,TRUE
,,#NAME?,,#VALUE!,,,TRUE
,,#NAME?,,#VALUE!,,,TRUE
,,#NAME?,,#VALUE!,,,TRUE
,,#NAME?,,#VALUE!,,,TRUE
,,#NAME?,,#VALUE!,,,TRUE
,,#NAME?,,#VALUE!,,,TRUE
,,#NAME?,,#VALUE!,,,TRUE
,,#NAME?,,#VALUE!,,,TRUE
,,#NAME?,,#VALUE!,,,TRUE
,,#NAME?,,#VALUE!,,,TRUE
,,#NAME?,,#VALUE!,,,TRUE
,,#NAME?,,#VALUE!,,,TRUE
,,#NAME?,,#VALUE!,,,TRUE
,,#NAME?,,#VALUE!,,,TRUE
,,#NAME?,,#VALUE!,,,TRUE
,,#NAME?,,#VALUE!,,,TRUE
,,#NAME?,,#VALUE!,,,TRUE
,,#NAME?,,#VALUE!,,,TRUE
,,#NAME?,,#VALUE!,,,TRUE
,,#NAME?,,#VALUE!,,,TRUE
,,#NAME?,,#VALUE!,,,TRUE
,,#NAME?,,#VALUE!,,,TRUE
,,#NAME?,,#VALUE!,,,TRUE
,,#NAME?,,#VALUE!,,,TRUE
,,#NAME?,,#VALUE!,,,TRUE
,,#NAME?,,#VALUE!,,,TRUE
,,#NAME?,,#VALUE!,,,TRUE
,,#NAME?,,#VALUE!,,,TRUE
,,#NAME?,,#VALUE!,,,TRUE
,,#NAME?,,#VALUE!,,,TRUE
,,#NAME?,,#VALUE!,,,TRUE
,,#NAME?,,#VALUE!,,,TRUE
,,#NAME?,,#VALUE!,,,TRUE
,,#NAME?,,#VALUE!,,,TRUE
,,#NAME?,,#VALUE!,,,TRUE
,,#NAME?,,#VALUE!,,,TRUE
,,#NAME?,,#VALUE!,,,TRUE
,,#NAME?,,#VALUE!,,,TRUE
,,#NAME?,,#VALUE!,,,TRUE
,,#NAME?,,#VALUE!,,,TRUE
,,#NAME?,,#VALUE!,,,TRUE
,,#NAME?,,#VALUE!,,,TRUE
,,#NAME?,,#VALUE!,,,TRUE
,,#NAME?,,#VALUE!,,,TRUE
,,#NAME?,,#VALUE!,,,TRUE
,,#NAME?,,#VALUE!,,,TRUE
,,#NAME?,,#VALUE!,,,TRUE
,,#NAME?,,#VALUE!,,,TRUE
,,#NAME?,,#VALUE!,,,TRUE
,,#NAME?,,#VALUE!,,,TRUE
,,#NAME?,,#VALUE!,,,TRUE
,,#NAME?,,#VALUE!,,,TRUE
,,#NAME?,,#VALUE!,,,TRUE
,,#NAME?,,#VALUE!,,,TRUE
,,#NAME?,,#VALUE!,,,TRUE
,,#NAME?,,#VALUE!,,,TRUE
,,#NAME?,,#VALUE!,,,TRUE
,,#NAME?,,#VALUE!,,,TRUE
,,#NAME?,,#VALUE!,,,TRUE
,,#NAME?,,#VALUE!,,,TRUE
,,#NAME?,,#VALUE!,,,TRUE
,,#NAME?,,#VALUE!,,,TRUE
,,#NAME?,,#VALUE!,,,TRUE
,,#NAME?,,#VALUE!,,,TRUE
,,#NAME?,,#VALUE!,,,TRUE
,,#NAME?,,#VALUE!,,,TRUE
,,#NAME?,,#VALUE!,,,TRUE
,,#NAME?,,#VALUE!,,,TRUE
,,#NAME?,,#VALUE!,,,TRUE
,,#NAME?,,#VALUE!,,,TRUE
,,#NAME?,,#VALUE!,,,TRUE
,,#NAME?,,#VALUE!,,,TRUE
,,#NAME?,,#VALUE!,,,TRUE
,,#NAME?,,#VALUE!,,,TRUE
,,#NAME?,,#VALUE!,,,TRUE
,,#NAME?,,#VALUE!,,,TRUE
,,#NAME?,,#VALUE!,,,TRUE
,,#NAME?,,#VALUE!,,,TRUE
,,#NAME?,,#VALUE!,,,TRUE
,,#NAME?,,#VALUE!,,,TRUE
,,#NAME?,,#VALUE!,,,TRUE
,,#NAME?,,#VALUE!,,,TRUE
,,#NAME?,,#VALUE!,,,TRUE
,,#NAME?,,#VALUE!,,,TRUE
,,#NAME?,,#VALUE!,,,TRUE
,,#NAME?,,#VALUE!,,,TRUE
,,#NAME?,,#VALUE!,,,TRUE
,,#NAME?,,#VALUE!,,,TRUE
,,#NAME?,,#VALUE!,,,TRUE
,,#NAME?,,#VALUE!,,,TRUE
,,#NAME?,,#VALUE!,,,TRUE
,,#NAME?,,#VALUE!,,,TRUE
,,#NAME?,,#VALUE!,,,TRUE
,,#NAME?,,#VALUE!,,,TRUE
,,#NAME?,,#VALUE!,,,TRUE
,,#NAME?,,#VALUE!,,,TRUE
,,#NAME?,,#VALUE!,,,TRUE
,,#NAME?,,#VALUE!,,,TRUE
,,#NAME?,,#VALUE!,,,TRUE
,,#NAME?,,#VALUE!,,,TRUE
,,#NAME?,,#VALUE!,,,TRUE
,,#NAME?,,#VALUE!,,,TRUE
,,#NAME?,,#VALUE!,,,TRUE
,,#NAME?,,#VALUE!,,,TRUE
,,#NAME?,,#VALUE!,,,TRUE
,,#NAME?,,#VALUE!,,,TRUE
,,#NAME?,,#VALUE!,,,TRUE
,,#NAME?,,#VALUE!,,,TRUE
,,#NAME?,,#VALUE!,,,TRUE
,,#NAME?,,#VALUE!,,,TRUE
,,#NAME?,,#VALUE!,,,TRUE
,,#NAME?,,#VALUE!,,,TRUE
,,#NAME?,,#VALUE!,,,TRUE
,,#NAME?,,#VALUE!,,,TRUE
,,#NAME?,,#VALUE!,,,TRUE
,,#NAME?,,#VALUE!,,,TRUE
,,#NAME?,,#VALUE!,,,TRUE
,,#NAME?,,#VALUE!,,,TRUE
,,#NAME?,,#VALUE!,,,TRUE
,,#NAME?,,#VALUE!,,,TRUE
,,#NAME?,,#VALUE!,,,TRUE
,,#NAME?,,#VALUE!,,,TRUE
,,#NAME?,,#VALUE!,,,TRUE
,,#NAME?,,#VALUE!,,,TRUE
,,#NAME?,,#VALUE!,,,TRUE
,,#NAME?,,#VALUE!,,,TRUE
,,#NAME?,,#VALUE!,,,TRUE
,,#NAME?,,#VALUE!,,,TRUE
,,#NAME?,,#VALUE!,,,TRUE
,,#NAME?,,#VALUE!,,,TRUE
,,#NAME?,,#VALUE!,,,TRUE
,,#NAME?,,#VALUE!,,,TRUE
,,#NAME?,,#VALUE!,,,TRUE
,,#NAME?,,#VALUE!,,,TRUE
,,#NAME?,,#VALUE!,,,TRUE
,,#NAME?,,#VALUE!,,,TRUE
,,#NAME?,,#VALUE!,,,TRUE
,,#NAME?,,#VALUE!,,,TRUE
,,#NAME?,,#VALUE!,,,TRUE
,,#NAME?,,#VALUE!,,,TRUE
,,#NAME?,,#VALUE!,,,TRUE
,,#NAME?,,#VALUE!,,,TRUE
,,#NAME?,,#VALUE!,,,TRUE
,,#NAME?,,#VALUE!,,,TRUE
,,#NAME?,,#VALUE!,,,TRUE
,,#NAME?,,#VALUE!,,,TRUE
,,#NAME?,,#VALUE!,,,TRUE
,,#NAME?,,#VALUE!,,,TRUE
,,#NAME?,,#VALUE!,,,TRUE
,,#NAME?,,#VALUE!,,,TRUE
,,#NAME?,,#VALUE!,,,TRUE
,,#NAME?,,#VALUE!,,,TRUE
,,#NAME?,,#VALUE!,,,TRUE
,,#NAME?,,#VALUE!,,,TRUE
,,#NAME?,,#VALUE!,,,TRUE
,,#NAME?,,#VALUE!,,,TRUE
,,#NAME?,,#VALUE!,,,TRUE
,,#NAME?,,#VALUE!,,,TRUE
,,#NAME?,,#VALUE!,,,TRUE
,,#NAME?,,#VALUE!,,,TRUE
,,#NAME?,,#VALUE!,,,TRUE
,,#NAME?,,#VALUE!,,,TRUE
,,#NAME?,,#VALUE!,,,TRUE
,,#NAME?,,#VALUE!,,,TRUE
,,#NAME?,,#VALUE!,,,TRUE
,,#NAME?,,#VALUE!,,,TRUE
,,#NAME?,,#VALUE!,,,TRUE
,,#NAME?,,#VALUE!,,,TRUE
,,#NAME?,,#VALUE!,,,TRUE
,,#NAME?,,#VALUE!,,,TRUE
,,#NAME?,,#VALUE!,,,TRUE
,,#NAME?,,#VALUE!,,,TRUE
,,#NAME?,,#VALUE!,,,TRUE
,,#NAME?,,#VALUE!,,,TRUE
,,#NAME?,,#VALUE!,,,TRUE
,,#NAME?,,#VALUE!,,,TRUE
,,#NAME?,,#VALUE!,,,TRUE
,,#NAME?,,#VALUE!,,,TRUE
,,#NAME?,,#VALUE!,,,TRUE
,,#NAME?,,#VALUE!,,,TRUE
,,#NAME?,,#VALUE!,,,TRUE
,,#NAME?,,#VALUE!,,,TRUE
,,#NAME?,,#VALUE!,,,TRUE
,,#NAME?,,#VALUE!,,,TRUE
,,#NAME?,,#VALUE!,,,TRUE
,,#NAME?,,#VALUE!,,,TRUE
,,#NAME?,,#VALUE!,,,TRUE
,,#NAME?,,#VALUE!,,,TRUE
,,#NAME?,,#VALUE!,,,TRUE
,,#NAME?,,#VALUE!,,,TRUE
,,#NAME?,,#VALUE!,,,TRUE
,,#NAME?,,#VALUE!,,,TRUE
,,#NAME?,,#VALUE!,,,TRUE
,,#NAME?,,#VALUE!,,,TRUE
,,#NAME?,,#VALUE!,,,TRUE
,,#NAME?,,#VALUE!,,,TRUE
,,#NAME?,,#VALUE!,,,TRUE
,,#NAME?,,#VALUE!,,,TRUE
,,#NAME?,,#VALUE!,,,TRUE
,,#NAME?,,#VALUE!,,,TRUE
,,#NAME?,,#VALUE!,,,TRUE
,,#NAME?,,#VALUE!,,,TRUE
,,#NAME?,,#VALUE!,,,TRUE
,,#NAME?,,#VALUE!,,,TRUE
,,#NAME?,,#VALUE!,,,TRUE
,,#NAME?,,#VALUE!,,,TRUE
,,#NAME?,,#VALUE!,,,TRUE
,,#NAME?,,#VALUE!,,,TRUE
,,#NAME?,,#VALUE!,,,TRUE
,,#NAME?,,#VALUE!,,,TRUE
,,#NAME?,,#VALUE!,,,TRUE
,,#NAME?,,#VALUE!,,,TRUE
,,#NAME?,,#VALUE!,,,TRUE
,,#NAME?,,#VALUE!,,,TRUE
,,#NAME?,,#VALUE!,,,TRUE
,,#NAME?,,#VALUE!,,,TRUE
,,#NAME?,,#VALUE!,,,TRUE
,,#NAME?,,#VALUE!,,,TRUE
,,#NAME?,,#VALUE!,,,TRUE
,,#NAME?,,#VALUE!,,,TRUE
,,#NAME?,,#VALUE!,,,TRUE
,,#NAME?,,#VALUE!,,,TRUE
,,#NAME?,,#VALUE!,,,TRUE
,,#NAME?,,#VALUE!,,,TRUE
,,#NAME?,,#VALUE!,,,TRUE
,,#NAME?,,#VALUE!,,,TRUE
,,#NAME?,,#VALUE!,,,TRUE
,,#NAME?,,#VALUE!,,,TRUE
,,#NAME?,,#VALUE!,,,TRUE
,,#NAME?,,#VALUE!,,,TRUE
,,#NAME?,,#VALUE!,,,TRUE
,,#NAME?,,#VALUE!,,,TRUE
,,#NAME?,,#VALUE!,,,TRUE
,,#NAME?,,#VALUE!,,,TRUE
,,#NAME?,,#VALUE!,,,TRUE
,,#NAME?,,#VALUE!,,,TRUE
,,#NAME?,,#VALUE!,,,TRUE
,,#NAME?,,#VALUE!,,,TRUE
,,#NAME?,,#VALUE!,,,TRUE
,,#NAME?,,#VALUE!,,,TRUE
,,#NAME?,,#VALUE!,,,TRUE
,,#NAME?,,#VALUE!,,,TRUE
,,#NAME?,,#VALUE!,,,TRUE
,,#NAME?,,#VALUE!,,,TRUE
,,#NAME?,,#VALUE!,,,TRUE
,,#NAME?,,#VALUE!,,,TRUE
,,#NAME?,,#VALUE!,,,TRUE
,,#NAME?,,#VALUE!,,,TRUE
,,#NAME?,,#VALUE!,,,TRUE
,,#NAME?,,#VALUE!,,,TRUE
,,#NAME?,,#VALUE!,,,TRUE
,,#NAME?,,#VALUE!,,,TRUE
,,#NAME?,,#VALUE!,,,TRUE
,,#NAME?,,#VALUE!,,,TRUE
,,#NAME?,,#VALUE!,,,TRUE
,,#NAME?,,#VALUE!,,,TRUE
,,#NAME?,,#VALUE!,,,TRUE
,,#NAME?,,#VALUE!,,,TRUE
,,#NAME?,,#VALUE!,,,TRUE
,,#NAME?,,#VALUE!,,,TRUE
,,#NAME?,,#VALUE!,,,TRUE
,,#NAME?,,#VALUE!,,,TRUE
,,#NAME?,,#VALUE!,,,TRUE
,,#NAME?,,#VALUE!,,,TRUE
,,#NAME?,,#VALUE!,,,TRUE
,,#NAME?,,#VALUE!,,,TRUE
,,#NAME?,,#VALUE!,,,TRUE
,,#NAME?,,#VALUE!,,,TRUE
,,#NAME?,,#VALUE!,,,TRUE
,,#NAME?,,#VALUE!,,,TRUE
,,#NAME?,,#VALUE!,,,TRUE
,,#NAME?,,#VALUE!,,,TRUE
,,#NAME?,,#VALUE!,,,TRUE
,,#NAME?,,#VALUE!,,,TRUE
,,#NAME?,,#VALUE!,,,TRUE
,,#NAME?,,#VALUE!,,,TRUE
,,#NAME?,,#VALUE!,,,TRUE
,,#NAME?,,#VALUE!,,,TRUE
,,#NAME?,,#VALUE!,,,TRUE
,,#NAME?,,#VALUE!,,,TRUE
,,#NAME?,,#VALUE!,,,TRUE
,,#NAME?,,#VALUE!,,,TRUE
,,#NAME?,,#VALUE!,,,TRUE
,,#NAME?,,#VALUE!,,,TRUE
,,#NAME?,,#VALUE!,,,TRUE
,,#NAME?,,#VALUE!,,,TRUE
,,#NAME?,,#VALUE!,,,TRUE
,,#NAME?,,#VALUE!,,,TRUE
,,#NAME?,,#VALUE!,,,TRUE
,,#NAME?,,#VALUE!,,,TRUE
,,#NAME?,,#VALUE!,,,TRUE
,,#NAME?,,#VALUE!,,,TRUE
,,#NAME?,,#VALUE!,,,TRUE
,,#NAME?,,#VALUE!,,,TRUE
,,#NAME?,,#VALUE!,,,TRUE
,,#NAME?,,#VALUE!,,,TRUE
,,#NAME?,,#VALUE!,,,TRUE
,,#NAME?,,#VALUE!,,,TRUE
,,#NAME?,,#VALUE!,,,TRUE
,,#NAME?,,#VALUE!,,,TRUE
,,#NAME?,,#VALUE!,,,TRUE
,,#NAME?,,#VALUE!,,,TRUE
,,#NAME?,,#VALUE!,,,TRUE
,,#NAME?,,#VALUE!,,,TRUE
,,#NAME?,,#VALUE!,,,TRUE
,,#NAME?,,#VALUE!,,,TRUE
,,#NAME?,,#VALUE!,,,TRUE
,,#NAME?,,#VALUE!,,,TRUE
,,#NAME?,,#VALUE!,,,TRUE
,,#NAME?,,#VALUE!,,,TRUE
,,#NAME?,,#VALUE!,,,TRUE
,,#NAME?,,#VALUE!,,,TRUE
,,#NAME?,,#VALUE!,,,TRUE
,,#NAME?,,#VALUE!,,,TRUE
,,#NAME?,,#VALUE!,,,TRUE
,,#NAME?,,#VALUE!,,,TRUE
,,#NAME?,,#VALUE!,,,TRUE
,,#NAME?,,#VALUE!,,,TRUE
,,#NAME?,,#VALUE!,,,TRUE
,,#NAME?,,#VALUE!,,,TRUE
,,#NAME?,,#VALUE!,,,TRUE
,,#NAME?,,#VALUE!,,,TRUE
,,#NAME?,,#VALUE!,,,TRUE
,,#NAME?,,#VALUE!,,,TRUE
,,#NAME?,,#VALUE!,,,TRUE
,,#NAME?,,#VALUE!,,,TRUE
,,#NAME?,,#VALUE!,,,TRUE
,,#NAME?,,#VALUE!,,,TRUE
,,#NAME?,,#VALUE!,,,TRUE
,,#NAME?,,#VALUE!,,,TRUE
,,#NAME?,,#VALUE!,,,TRUE
,,#NAME?,,#VALUE!,,,TRUE
,,#NAME?,,#VALUE!,,,TRUE
,,#NAME?,,#VALUE!,,,TRUE
,,#NAME?,,#VALUE!,,,TRUE
,,#NAME?,,#VALUE!,,,TRUE
,,#NAME?,,#VALUE!,,,TRUE
,,#NAME?,,#VALUE!,,,TRUE
,,#NAME?,,#VALUE!,,,TRUE
,,#NAME?,,#VALUE!,,,TRUE
,,#NAME?,,#VALUE!,,,TRUE
,,#NAME?,,#VALUE!,,,TRUE
,,#NAME?,,#VALUE!,,,TRUE
,,#NAME?,,#VALUE!,,,TRUE
,,#NAME?,,#VALUE!,,,TRUE
,,#NAME?,,#VALUE!,,,TRUE
,,#NAME?,,#VALUE!,,,TRUE
,,#NAME?,,#VALUE!,,,TRUE
,,#NAME?,,#VALUE!,,,TRUE
,,#NAME?,,#VALUE!,,,TRUE
,,#NAME?,,#VALUE!,,,TRUE
,,#NAME?,,#VALUE!,,,TRUE
,,#NAME?,,#VALUE!,,,TRUE
,,#NAME?,,#VALUE!,,,TRUE
,,#NAME?,,#VALUE!,,,TRUE
,,#NAME?,,#VALUE!,,,TRUE
,,#NAME?,,#VALUE!,,,TRUE
,,#NAME?,,#VALUE!,,,TRUE
,,#NAME?,,#VALUE!,,,TRUE
,,#NAME?,,#VALUE!,,,TRUE
,,#NAME?,,#VALUE!,,,TRUE
,,#NAME?,,#VALUE!,,,TRUE
,,#NAME?,,#VALUE!,,,TRUE
,,#NAME?,,#VALUE!,,,TRUE
,,#NAME?,,#VALUE!,,,TRUE
,,#NAME?,,#VALUE!,,,TRUE
,,#NAME?,,#VALUE!,,,TRUE
,,#NAME?,,#VALUE!,,,TRUE
,,#NAME?,,#VALUE!,,,TRUE
,,#NAME?,,#VALUE!,,,TRUE
,,#NAME?,,#VALUE!,,,TRUE
,,#NAME?,,#VALUE!,,,TRUE
,,#NAME?,,#VALUE!,,,TRUE
,,#NAME?,,#VALUE!,,,TRUE
,,#NAME?,,#VALUE!,,,TRUE
,,#NAME?,,#VALUE!,,,TRUE
,,#NAME?,,#VALUE!,,,TRUE
,,#NAME?,,#VALUE!,,,TRUE
,,#NAME?,,#VALUE!,,,TRUE
,,#NAME?,,#VALUE!,,,TRUE
,,#NAME?,,#VALUE!,,,TRUE
,,#NAME?,,#VALUE!,,,TRUE
,,#NAME?,,#VALUE!,,,TRUE
,,#NAME?,,#VALUE!,,,TRUE
,,#NAME?,,#VALUE!,,,TRUE
,,#NAME?,,#VALUE!,,,TRUE
,,#NAME?,,#VALUE!,,,TRUE
,,#NAME?,,#VALUE!,,,TRUE
,,#NAME?,,#VALUE!,,,TRUE
,,#NAME?,,#VALUE!,,,TRUE
,,#NAME?,,#VALUE!,,,TRUE
,,#NAME?,,#VALUE!,,,TRUE
,,#NAME?,,#VALUE!,,,TRUE
,,#NAME?,,#VALUE!,,,TRUE
,,#NAME?,,#VALUE!,,,TRUE
,,#NAME?,,#VALUE!,,,TRUE
,,#NAME?,,#VALUE!,,,TRUE
,,#NAME?,,#VALUE!,,,TRUE
,,#NAME?,,#VALUE!,,,TRUE
,,#NAME?,,#VALUE!,,,TRUE
,,#NAME?,,#VALUE!,,,TRUE
,,#NAME?,,#VALUE!,,,TRUE
,,#NAME?,,#VALUE!,,,TRUE
,,#NAME?,,#VALUE!,,,TRUE
,,#NAME?,,#VALUE!,,,TRUE
,,#NAME?,,#VALUE!,,,TRUE
,,#NAME?,,#VALUE!,,,TRUE
,,#NAME?,,#VALUE!,,,TRUE
,,#NAME?,,#VALUE!,,,TRUE
,,#NAME?,,#VALUE!,,,TRUE
,,#NAME?,,#VALUE!,,,TRUE
,,#NAME?,,#VALUE!,,,TRUE
,,#NAME?,,#VALUE!,,,TRUE
,,#NAME?,,#VALUE!,,,TRUE
,,#NAME?,,#VALUE!,,,TRUE
,,#NAME?,,#VALUE!,,,TRUE
,,#NAME?,,#VALUE!,,,TRUE
,,#NAME?,,#VALUE!,,,TRUE
,,#NAME?,,#VALUE!,,,TRUE
,,#NAME?,,#VALUE!,,,TRUE
,,#NAME?,,#VALUE!,,,TRUE
,,#NAME?,,#VALUE!,,,TRUE
,,#NAME?,,#VALUE!,,,TRUE
,,#NAME?,,#VALUE!,,,TRUE
,,#NAME?,,#VALUE!,,,TRUE
,,#NAME?,,#VALUE!,,,TRUE
,,#NAME?,,#VALUE!,,,TRUE
,,#NAME?,,#VALUE!,,,TRUE
,,#NAME?,,#VALUE!,,,TRUE
,,#NAME?,,#VALUE!,,,TRUE
,,#NAME?,,#VALUE!,,,TRUE
,,#NAME?,,#VALUE!,,,TRUE
,,#NAME?,,#VALUE!,,,TRUE
,,#NAME?,,#VALUE!,,,TRUE
,,#NAME?,,#VALUE!,,,TRUE
,,#NAME?,,#VALUE!,,,TRUE
,,#NAME?,,#VALUE!,,,TRUE
,,#NAME?,,#VALUE!,,,TRUE
,,#NAME?,,#VALUE!,,,TRUE
,,#NAME?,,#VALUE!,,,TRUE
,,#NAME?,,#VALUE!,,,TRUE
,,#NAME?,,#VALUE!,,,TRUE
,,#NAME?,,#VALUE!,,,TRUE
,,#NAME?,,#VALUE!,,,TRUE
,,#NAME?,,#VALUE!,,,TRUE
,,#NAME?,,#VALUE!,,,TRUE
,,#NAME?,,#VALUE!,,,TRUE
,,#NAME?,,#VALUE!,,,TRUE
,,#NAME?,,#VALUE!,,,TRUE
,,#NAME?,,#VALUE!,,,TRUE
,,#NAME?,,#VALUE!,,,TRUE
,,#NAME?,,#VALUE!,,,TRUE
,,#NAME?,,#VALUE!,,,TRUE
,,#NAME?,,#VALUE!,,,TRUE
,,#NAME?,,#VALUE!,,,TRUE
,,#NAME?,,#VALUE!,,,TRUE
,,#NAME?,,#VALUE!,,,TRUE
,,#NAME?,,#VALUE!,,,TRUE
,,#NAME?,,#VALUE!,,,TRUE
,,#NAME?,,#VALUE!,,,TRUE
,,#NAME?,,#VALUE!,,,TRUE
,,#NAME?,,#VALUE!,,,TRUE
,,#NAME?,,#VALUE!,,,TRUE
,,#NAME?,,#VALUE!,,,TRUE
,,#NAME?,,#VALUE!,,,TRUE
,,#NAME?,,#VALUE!,,,TRUE
,,#NAME?,,#VALUE!,,,TRUE
,,#NAME?,,#VALUE!,,,TRUE
,,#NAME?,,#VALUE!,,,TRUE
,,#NAME?,,#VALUE!,,,TRUE
,,#NAME?,,#VALUE!,,,TRUE
,,#NAME?,,#VALUE!,,,TRUE
,,#NAME?,,#VALUE!,,,TRUE
,,#NAME?,,#VALUE!,,,TRUE
,,#NAME?,,#VALUE!,,,TRUE
,,#NAME?,,#VALUE!,,,TRUE
,,#NAME?,,#VALUE!,,,TRUE
,,#NAME?,,#VALUE!,,,TRUE
,,#NAME?,,#VALUE!,,,TRUE
,,#NAME?,,#VALUE!,,,TRUE
,,#NAME?,,#VALUE!,,,TRUE
,,#NAME?,,#VALUE!,,,TRUE
,,#NAME?,,#VALUE!,,,TRUE
,,#NAME?,,#VALUE!,,,TRUE
,,#NAME?,,#VALUE!,,,TRUE
,,#NAME?,,#VALUE!,,,TRUE
,,#NAME?,,#VALUE!,,,TRUE
,,#NAME?,,#VALUE!,,,TRUE
,,#NAME?,,#VALUE!,,,TRUE
,,#NAME?,,#VALUE!,,,TRUE
,,#NAME?,,#VALUE!,,,TRUE
,,#NAME?,,#VALUE!,,,TRUE
,,#NAME?,,#VALUE!,,,TRUE
,,#NAME?,,#VALUE!,,,TRUE
,,#NAME?,,#VALUE!,,,TRUE
,,#NAME?,,#VALUE!,,,TRUE
,,#NAME?,,#VALUE!,,,TRUE
,,#NAME?,,#VALUE!,,,TRUE
,,#NAME?,,#VALUE!,,,TRUE
,,#NAME?,,#VALUE!,,,TRUE
,,#NAME?,,#VALUE!,,,TRUE
,,#NAME?,,#VALUE!,,,TRUE
,,#NAME?,,#VALUE!,,,TRUE
,,#NAME?,,#VALUE!,,,TRUE
,,#NAME?,,#VALUE!,,,TRUE
,,#NAME?,,#VALUE!,,,TRUE
,,#NAME?,,#VALUE!,,,TRUE
,,#NAME?,,#VALUE!,,,TRUE
,,#NAME?,,#VALUE!,,,TRUE
,,#NAME?,,#VALUE!,,,TRUE
,,#NAME?,,#VALUE!,,,TRUE
,,#NAME?,,#VALUE!,,,TRUE
,,#NAME?,,#VALUE!,,,TRUE
,,#NAME?,,#VALUE!,,,TRUE
,,#NAME?,,#VALUE!,,,TRUE
,,#NAME?,,#VALUE!,,,TRUE
,,#NAME?,,#VALUE!,,,TRUE
,,#NAME?,,#VALUE!,,,TRUE
,,#NAME?,,#VALUE!,,,TRUE
,,#NAME?,,#VALUE!,,,TRUE
,,#NAME?,,#VALUE!,,,TRUE
,,#NAME?,,#VALUE!,,,TRUE
,,#NAME?,,#VALUE!,,,TRUE
,,#NAME?,,#VALUE!,,,TRUE
,,#NAME?,,#VALUE!,,,TRUE
,,#NAME?,,#VALUE!,,,TRUE
,,#NAME?,,#VALUE!,,,TRUE
,,#NAME?,,#VALUE!,,,TRUE
,,#NAME?,,#VALUE!,,,TRUE
,,#NAME?,,#VALUE!,,,TRUE
,,#NAME?,,#VALUE!,,,TRUE
,,#NAME?,,#VALUE!,,,TRUE
,,#NAME?,,#VALUE!,,,TRUE
,,#NAME?,,#VALUE!,,,TRUE
,,#NAME?,,#VALUE!,,,TRUE
,,#NAME?,,#VALUE!,,,TRUE
,,#NAME?,,#VALUE!,,,TRUE
,,#NAME?,,#VALUE!,,,TRUE
,,#NAME?,,#VALUE!,,,TRUE
,,#NAME?,,#VALUE!,,,TRUE
,,#NAME?,,#VALUE!,,,TRUE
,,#NAME?,,#VALUE!,,,TRUE
,,#NAME?,,#VALUE!,,,TRUE
,,#NAME?,,#VALUE!,,,TRUE
,,#NAME?,,#VALUE!,,,TRUE
,,#NAME?,,#VALUE!,,,TRUE
,,#NAME?,,#VALUE!,,,TRUE
,,#NAME?,,#VALUE!,,,TRUE
,,#NAME?,,#VALUE!,,,TRUE
,,#NAME?,,#VALUE!,,,TRUE
,,#NAME?,,#VALUE!,,,TRUE
,,#NAME?,,#VALUE!,,,TRUE
,,#NAME?,,#VALUE!,,,TRUE
,,#NAME?,,#VALUE!,,,TRUE
,,#NAME?,,#VALUE!,,,TRUE
,,#NAME?,,#VALUE!,,,TRUE
,,#NAME?,,#VALUE!,,,TRUE
,,#NAME?,,#VALUE!,,,TRUE
,,#NAME?,,#VALUE!,,,TRUE
,,#NAME?,,#VALUE!,,,TRUE
,,#NAME?,,#VALUE!,,,TRUE
,,#NAME?,,#VALUE!,,,TRUE
,,#NAME?,,#VALUE!,,,TRUE
,,#NAME?,,#VALUE!,,,TRUE
,,#NAME?,,#VALUE!,,,TRUE
,,#NAME?,,#VALUE!,,,TRUE
,,#NAME?,,#VALUE!,,,TRUE
,,#NAME?,,#VALUE!,,,TRUE
,,#NAME?,,#VALUE!,,,TRUE
,,#NAME?,,#VALUE!,,,TRUE
,,#NAME?,,#VALUE!,,,TRUE
,,#NAME?,,#VALUE!,,,TRUE
,,#NAME?,,#VALUE!,,,TRUE
,,#NAME?,,#VALUE!,,,TRUE
,,#NAME?,,#VALUE!,,,TRUE
,,#NAME?,,#VALUE!,,,TRUE
,,#NAME?,,#VALUE!,,,TRUE
,,#NAME?,,#VALUE!,,,TRUE
,,#NAME?,,#VALUE!,,,TRUE
,,#NAME?,,#VALUE!,,,TRUE
,,#NAME?,,#VALUE!,,,TRUE
,,#NAME?,,#VALUE!,,,TRUE
,,#NAME?,,#VALUE!,,,TRUE
,,#NAME?,,#VALUE!,,,TRUE
,,#NAME?,,#VALUE!,,,TRUE
,,#NAME?,,#VALUE!,,,TRUE
,,#NAME?,,#VALUE!,,,TRUE
,,#NAME?,,#VALUE!,,,TRUE
,,#NAME?,,#VALUE!,,,TRUE
,,#NAME?,,#VALUE!,,,TRUE
,,#NAME?,,#VALUE!,,,TRUE
,,#NAME?,,#VALUE!,,,TRUE
,,#NAME?,,#VALUE!,,,TRUE
,,#NAME?,,#VALUE!,,,TRUE
,,#NAME?,,#VALUE!,,,TRUE
,,#NAME?,,#VALUE!,,,TRUE
,,#NAME?,,#VALUE!,,,TRUE
,,#NAME?,,#VALUE!,,,TRUE
,,#NAME?,,#VALUE!,,,TRUE
,,#NAME?,,#VALUE!,,,TRUE
,,#NAME?,,#VALUE!,,,TRUE
,,#NAME?,,#VALUE!,,,TRUE
,,#NAME?,,#VALUE!,,,TRUE
,,#NAME?,,#VALUE!,,,TRUE
,,#NAME?,,#VALUE!,,,TRUE
,,#NAME?,,#VALUE!,,,TRUE
,,#NAME?,,#VALUE!,,,TRUE
,,#NAME?,,#VALUE!,,,TRUE
,,#NAME?,,#VALUE!,,,TRUE
,,#NAME?,,#VALUE!,,,TRUE
,,#NAME?,,#VALUE!,,,TRUE
,,#NAME?,,#VALUE!,,,TRUE
,,#NAME?,,#VALUE!,,,TRUE
,,#NAME?,,#VALUE!,,,TRUE
,,#NAME?,,#VALUE!,,,TRUE
,,#NAME?,,#VALUE!,,,TRUE
,,#NAME?,,#VALUE!,,,TRUE
,,#NAME?,,#VALUE!,,,TRUE
,,#NAME?,,#VALUE!,,,TRUE
,,#NAME?,,#VALUE!,,,TRUE
,,#NAME?,,#VALUE!,,,TRUE
,,#NAME?,,#VALUE!,,,TRUE
,,#NAME?,,#VALUE!,,,TRUE
,,#NAME?,,#VALUE!,,,TRUE
,,#NAME?,,#VALUE!,,,TRUE
,,#NAME?,,#VALUE!,,,TRUE
,,#NAME?,,#VALUE!,,,TRUE
,,#NAME?,,#VALUE!,,,TRUE
,,#NAME?,,#VALUE!,,,TRUE
,,#NAME?,,#VALUE!,,,TRUE
,,#NAME?,,#VALUE!,,,TRUE
,,#NAME?,,#VALUE!,,,TRUE
,,#NAME?,,#VALUE!,,,TRUE
,,#NAME?,,#VALUE!,,,TRUE
,,#NAME?,,#VALUE!,,,TRUE
,,#NAME?,,#VALUE!,,,TRUE
,,#NAME?,,#VALUE!,,,TRUE
,,#NAME?,,#VALUE!,,,TRUE
,,#NAME?,,#VALUE!,,,TRUE
,,#NAME?,,#VALUE!,,,TRUE
,,#NAME?,,#VALUE!,,,TRUE
,,#NAME?,,#VALUE!,,,TRUE
,,#NAME?,,#VALUE!,,,TRUE
,,#NAME?,,#VALUE!,,,TRUE
,,#NAME?,,#VALUE!,,,TRUE
,,#NAME?,,#VALUE!,,,TRUE
,,#NAME?,,#VALUE!,,,TRUE
,,#NAME?,,#VALUE!,,,TRUE
,,#NAME?,,#VALUE!,,,TRUE
,,#NAME?,,#VALUE!,,,TRUE
,,#NAME?,,#VALUE!,,,TRUE
,,#NAME?,,#VALUE!,,,TRUE
,,#NAME?,,#VALUE!,,,TRUE
,,#NAME?,,#VALUE!,,,TRUE
,,#NAME?,,#VALUE!,,,TRUE
,,#NAME?,,#VALUE!,,,TRUE
,,#NAME?,,#VALUE!,,,TRUE
,,#NAME?,,#VALUE!,,,TRUE
,,#NAME?,,#VALUE!,,,TRUE
,,#NAME?,,#VALUE!,,,TRUE
,,#NAME?,,#VALUE!,,,TRUE
,,#NAME?,,#VALUE!,,,TRUE
,,#NAME?,,#VALUE!,,,TRUE
,,#NAME?,,#VALUE!,,,TRUE
,,#NAME?,,#VALUE!,,,TRUE
,,#NAME?,,#VALUE!,,,TRUE
,,#NAME?,,#VALUE!,,,TRUE
,,#NAME?,,#VALUE!,,,TRUE
,,#NAME?,,#VALUE!,,,TRUE
,,#NAME?,,#VALUE!,,,TRUE
,,#NAME?,,#VALUE!,,,TRUE
,,#NAME?,,#VALUE!,,,TRUE
,,#NAME?,,#VALUE!,,,TRUE
,,#NAME?,,#VALUE!,,,TRUE
,,#NAME?,,#VALUE!,,,TRUE
,,#NAME?,,#VALUE!,,,TRUE
,,#NAME?,,#VALUE!,,,TRUE
,,#NAME?,,#VALUE!,,,TRUE
,,#NAME?,,#VALUE!,,,TRUE
,,#NAME?,,#VALUE!,,,TRUE
,,#NAME?,,#VALUE!,,,TRUE
,,#NAME?,,#VALUE!,,,TRUE
,,#NAME?,,#VALUE!,,,TRUE
,,#NAME?,,#VALUE!,,,TRUE
,,#NAME?,,#VALUE!,,,TRUE
,,#NAME?,,#VALUE!,,,TRUE
,,#NAME?,,#VALUE!,,,TRUE
,,#NAME?,,#VALUE!,,,TRUE